espn_id,PLAYER_NAME,SEASON,salary
4278039,Nickeil Alexander-Walker,2022-23,5009633.0
4278039,Nickeil Alexander-Walker,2023-24,4687500.0
4278039,Nickeil Alexander-Walker,2024-25,4312500.0
4278039,Nickeil Alexander-Walker,2025-26,15161800.0
4869342,Dyson Daniels,2022-23,5508600.0
4869342,Dyson Daniels,2023-24,5784120.0
4869342,Dyson Daniels,2024-25,6059520.0
4869342,Dyson Daniels,2025-26,7707709.0
4397020,Luguentz Dort,2022-23,15277778.0
4397020,Luguentz Dort,2023-24,15277778.0
4397020,Luguentz Dort,2024-25,16500000.0
4397020,Luguentz Dort,2025-26,18222222.0
4712863,Mouhamed Gueye,2023-24,1119563.0
4712863,Mouhamed Gueye,2024-25,1891858.0
4712863,Mouhamed Gueye,2025-26,2221677.0
2990984,Buddy Hield,2022-23,22768890.0
2990984,Buddy Hield,2023-24,19279841.0
2990984,Buddy Hield,2024-25,8780488.0
2990984,Buddy Hield,2025-26,9219512.0
4701230,Jalen Johnson,2022-23,2792640.0
4701230,Jalen Johnson,2023-24,2925360.0
4701230,Jalen Johnson,2024-25,4510905.0
4701230,Jalen Johnson,2025-26,30000000.0
4280151,Corey Kispert,2022-23,3552960.0
4280151,Corey Kispert,2023-24,3722040.0
4280151,Corey Kispert,2024-25,5705888.0
4280151,Corey Kispert,2025-26,13975000.0
3146557,Jock Landale,2022-23,1563518.0
3146557,Jock Landale,2023-24,8000000.0
3146557,Jock Landale,2024-25,8000000.0
3146557,Jock Landale,2025-26,2296274.0
2490149,CJ McCollum,2022-23,33333333.0
2490149,CJ McCollum,2023-24,35802469.0
2490149,CJ McCollum,2024-25,33333333.0
2490149,CJ McCollum,2025-26,30666666.0
4433629,Ryan Nembhard,2025-26,321875.0
4873201,Asa Newell,2025-26,3237480.0
4431680,Onyeka Okongwu,2022-23,6395160.0
4431680,Onyeka Okongwu,2023-24,8109063.0
4431680,Onyeka Okongwu,2024-25,14000000.0
4431680,Onyeka Okongwu,2025-26,15000000.0
4397183,Aaron Wiggins,2022-23,1563518.0
4397183,Aaron Wiggins,2023-24,1836096.0
4397183,Aaron Wiggins,2024-25,10514017.0
4397183,Aaron Wiggins,2025-26,10102802.0
4431714,Jalen Wilson,2023-24,850000.0
4431714,Jalen Wilson,2024-25,1891857.0
4431714,Jalen Wilson,2025-26,2221677.0
3195,Mike Conley,2022-23,22680000.0
3195,Mike Conley,2023-24,24360000.0
3195,Mike Conley,2024-25,9975962.0
3195,Mike Conley,2025-26,725834.0
4277951,Luka Garza,2022-23,925258.0
4277951,Luka Garza,2024-25,2162606.0
4277951,Luka Garza,2025-26,2461463.0
4251,Paul George,2022-23,42492492.0
4251,Paul George,2023-24,45640084.0
4251,Paul George,2024-25,49205800.0
4251,Paul George,2025-26,51666090.0
5175647,Hugo Gonzalez,2025-26,2783880.0
4065804,Sam Hauser,2022-23,1563518.0
4065804,Sam Hauser,2023-24,1927896.0
4065804,Sam Hauser,2024-25,2092344.0
4065804,Sam Hauser,2025-26,10044643.0
4066354,Payton Pritchard,2022-23,2239200.0
4066354,Payton Pritchard,2023-24,4037278.0
4066354,Payton Pritchard,2024-25,6696429.0
4066354,Payton Pritchard,2025-26,7232143.0
4397424,Neemias Queta,2024-25,2162606.0
4397424,Neemias Queta,2025-26,2349578.0
4351852,Mitchell Robinson,2022-23,17045454.0
4351852,Mitchell Robinson,2023-24,15681818.0
4351852,Mitchell Robinson,2024-25,14318182.0
4351852,Mitchell Robinson,2025-26,12954546.0
4593841,Baylor Scheierman,2024-25,2494320.0
4593841,Baylor Scheierman,2025-26,2619000.0
4065648,Jayson Tatum,2022-23,28103500.0
4065648,Jayson Tatum,2023-24,32600060.0
4065648,Jayson Tatum,2024-25,34848340.0
4065648,Jayson Tatum,2025-26,54126450.0
4683689,Jordan Walsh,2023-24,1119563.0
4683689,Jordan Walsh,2024-25,1891857.0
4683689,Jordan Walsh,2025-26,2221677.0
3078576,Derrick White,2022-23,16892857.0
3078576,Derrick White,2023-24,18357143.0
3078576,Derrick White,2024-25,20017429.0
3078576,Derrick White,2025-26,28100001.0
4702745,Amari Williams,2025-26,490128.0
4712896,Noah Clowney,2023-24,3089520.0
4712896,Noah Clowney,2024-25,3244080.0
4712896,Noah Clowney,2025-26,3398640.0
5175643,Egor Demin,2025-26,6889200.0
4702177,Keon Ellis,2023-24,683430.0
4702177,Keon Ellis,2024-25,2120693.0
4702177,Keon Ellis,2025-26,2301587.0
4432821,E.J. Liddell,2023-24,1801769.0
4432821,E.J. Liddell,2024-25,2120693.0
3907823,Terance Mann,2022-23,1930681.0
3907823,Terance Mann,2023-24,10576923.0
3907823,Terance Mann,2024-25,11423077.0
3907823,Terance Mann,2025-26,15500000.0
4687718,Josh Minott,2022-23,1017781.0
4687718,Josh Minott,2023-24,1719864.0
4687718,Josh Minott,2024-25,2019699.0
4687718,Josh Minott,2025-26,2378870.0
4278104,Michael Porter Jr.,2022-23,30913750.0
4278104,Michael Porter Jr.,2023-24,33386850.0
4278104,Michael Porter Jr.,2024-25,35859950.0
4278104,Michael Porter Jr.,2025-26,38333050.0
5037873,Drake Powell,2025-26,3372240.0
3064514,Julius Randle,2022-23,23760000.0
3064514,Julius Randle,2023-24,28226880.0
3064514,Julius Randle,2024-25,33073920.0
3064514,Julius Randle,2025-26,30864198.0
5242502,Ben Saraf,2025-26,2884560.0
4432194,Day'Ron Sharpe,2022-23,2109480.0
4432194,Day'Ron Sharpe,2023-24,2210040.0
4432194,Day'Ron Sharpe,2024-25,3989122.0
4432194,Day'Ron Sharpe,2025-26,6250000.0
5279130,Nolan Traore,2025-26,3811560.0
3150844,Moritz Wagner,2022-23,1878720.0
3150844,Moritz Wagner,2023-24,8000000.0
3150844,Moritz Wagner,2024-25,11000000.0
3150844,Moritz Wagner,2025-26,5000000.0
5107173,Danny Wolf,2025-26,2801280.0
3135045,Grayson Allen,2022-23,8500000.0
3135045,Grayson Allen,2023-24,8925000.0
3135045,Grayson Allen,2024-25,15625000.0
3135045,Grayson Allen,2025-26,16875000.0
2578239,Pat Connaughton,2022-23,5728393.0
2578239,Pat Connaughton,2023-24,9423869.0
2578239,Pat Connaughton,2024-25,9423869.0
2578239,Pat Connaughton,2025-26,1315814.0
4433249,Moussa Diabate,2024-25,957763.0
4433249,Moussa Diabate,2025-26,2270735.0
2578185,Dorian Finney-Smith,2022-23,12939648.0
2578185,Dorian Finney-Smith,2023-24,13932008.0
2578185,Dorian Finney-Smith,2024-25,14924168.0
2578185,Dorian Finney-Smith,2025-26,12700000.0
4602025,Sion James,2025-26,2296274.0
4576060,Ryan Kalkbrenner,2025-26,2296274.0
5061575,Kon Knueppel,2025-26,10015680.0
5239590,Liam McNeeley,2025-26,2763960.0
4433287,Brandon Miller,2023-24,10880400.0
4433287,Brandon Miller,2024-25,11424600.0
4433287,Brandon Miller,2025-26,11968800.0
2583632,Royce O'Neale,2022-23,9200000.0
2583632,Royce O'Neale,2023-24,9500000.0
2583632,Royce O'Neale,2024-25,9821429.0
2583632,Royce O'Neale,2025-26,10125000.0
4396971,Naz Reid,2022-23,1930681.0
4396971,Naz Reid,2023-24,12950400.0
4396971,Naz Reid,2024-25,13986432.0
4396971,Naz Reid,2025-26,21551724.0
5211176,Tidjane Salaun,2024-25,7488720.0
5211176,Tidjane Salaun,2025-26,7863240.0
3032979,Dennis Schroder,2022-23,1836090.0
3032979,Dennis Schroder,2023-24,12405000.0
3032979,Dennis Schroder,2024-25,13025250.0
3032979,Dennis Schroder,2025-26,14104000.0
4395651,Coby White,2022-23,7413955.0
4395651,Coby White,2023-24,11111111.0
4395651,Coby White,2024-25,12000000.0
4395651,Coby White,2025-26,12888889.0
4066218,Grant Williams,2022-23,4306281.0
4066218,Grant Williams,2023-24,12325581.0
4066218,Grant Williams,2024-25,13025250.0
4066218,Grant Williams,2025-26,13645500.0
4711294,Matas Buzelis,2024-25,5195520.0
4711294,Matas Buzelis,2025-26,5455560.0
4278067,Nic Claxton,2022-23,8500000.0
4278067,Nic Claxton,2023-24,9625000.0
4278067,Nic Claxton,2024-25,27556817.0
4278067,Nic Claxton,2025-26,25352272.0
4066650,Zach Collins,2022-23,7350000.0
4066650,Zach Collins,2023-24,7700000.0
4066650,Zach Collins,2024-25,16741200.0
4066650,Zach Collins,2025-26,18080496.0
4684275,Rob Dillingham,2024-25,6262920.0
4684275,Rob Dillingham,2025-26,6576120.0
5242496,Noa Essengue,2025-26,5429520.0
4871145,Josh Giddey,2022-23,6287280.0
4871145,Josh Giddey,2023-24,6587040.0
4871145,Josh Giddey,2024-25,8352367.0
4871145,Josh Giddey,2025-26,25000000.0
4395626,Tre Jones,2022-23,1782621.0
4395626,Tre Jones,2023-24,9895833.0
4395626,Tre Jones,2024-25,9104167.0
4395626,Tre Jones,2025-26,8000000.0
5044385,Leonard Miller,2023-24,1800000.0
5044385,Leonard Miller,2024-25,1891857.0
5044385,Leonard Miller,2025-26,2221677.0
4432822,Isaac Okoro,2022-23,7040880.0
4432822,Isaac Okoro,2023-24,8920795.0
4432822,Isaac Okoro,2024-25,10185185.0
4432822,Isaac Okoro,2025-26,11000000.0
2595516,Norman Powell,2022-23,16758621.0
2595516,Norman Powell,2023-24,18000000.0
2595516,Norman Powell,2024-25,19241379.0
2595516,Norman Powell,2025-26,20482758.0
4397189,Jalen Smith,2022-23,4670160.0
4397189,Jalen Smith,2023-24,5604192.0
4397189,Jalen Smith,2024-25,8571429.0
4397189,Jalen Smith,2025-26,9000000.0
4431687,Patrick Williams,2022-23,7775400.0
4431687,Patrick Williams,2023-24,9835881.0
4431687,Patrick Williams,2024-25,18500000.0
4431687,Patrick Williams,2025-26,18000000.0
4017844,Guerschon Yabusele,2024-25,2087519.0
4017844,Guerschon Yabusele,2025-26,5500000.0
4066328,Jarrett Allen,2022-23,20000000.0
4066328,Jarrett Allen,2023-24,20000000.0
4066328,Jarrett Allen,2024-25,20000000.0
4066328,Jarrett Allen,2025-26,20000000.0
3934723,Thomas Bryant,2022-23,1836090.0
3934723,Thomas Bryant,2023-24,2528233.0
3934723,Thomas Bryant,2024-25,2087519.0
3934723,Thomas Bryant,2025-26,2296274.0
3992,James Harden,2022-23,33000000.0
3992,James Harden,2023-24,35640000.0
3992,James Harden,2024-25,33653846.0
3992,James Harden,2025-26,39446090.0
4066757,Sam Merrill,2022-23,850000.0
4066757,Sam Merrill,2023-24,1997238.0
4066757,Sam Merrill,2024-25,2164993.0
4066757,Sam Merrill,2025-26,8482143.0
3908809,Donovan Mitchell,2022-23,30913750.0
3908809,Donovan Mitchell,2023-24,33162030.0
3908809,Donovan Mitchell,2024-25,35410310.0
3908809,Donovan Mitchell,2025-26,46394100.0
4432158,Evan Mobley,2022-23,8478720.0
4432158,Evan Mobley,2023-24,8882760.0
4432158,Evan Mobley,2024-25,11227809.0
4432158,Evan Mobley,2025-26,46394100.0
4701233,Craig Porter Jr.,2023-24,1500000.0
4701233,Craig Porter Jr.,2024-25,1891857.0
4701233,Craig Porter Jr.,2025-26,2221677.0
5023693,Tyrese Proctor,2025-26,1272870.0
5106268,Nae'Qwan Tomlin,2025-26,718150.0
4683747,Jaylon Tyson,2024-25,3326160.0
4683747,Jaylon Tyson,2025-26,3492480.0
4576087,Peyton Watson,2022-23,2193960.0
4576087,Peyton Watson,2023-24,2303520.0
4576087,Peyton Watson,2024-25,2413560.0
4576087,Peyton Watson,2025-26,4356476.0
4593125,Santi Aldama,2022-23,2094240.0
4593125,Santi Aldama,2023-24,2194200.0
4593125,Santi Aldama,2024-25,3960531.0
4593125,Santi Aldama,2025-26,18485916.0
4432582,Max Christie,2022-23,1017781.0
4432582,Max Christie,2023-24,1719864.0
4432582,Max Christie,2024-25,7142857.0
4432582,Max Christie,2025-26,7714286.0
5041939,Cooper Flagg,2025-26,14386320.0
4278049,Daniel Gafford,2022-23,1930681.0
4278049,Daniel Gafford,2023-24,12402000.0
4278049,Daniel Gafford,2024-25,13394160.0
4278049,Daniel Gafford,2025-26,14386320.0
5105806,Jett Howard,2023-24,5026800.0
5105806,Jett Howard,2024-25,5278320.0
5105806,Jett Howard,2025-26,5529720.0
6442,Kyrie Irving,2022-23,38917057.0
6442,Kyrie Irving,2023-24,37037037.0
6442,Kyrie Irving,2024-25,41000000.0
6442,Kyrie Irving,2025-26,36566002.0
4683688,Dereck Lively II,2023-24,4775640.0
4683688,Dereck Lively II,2024-25,5014560.0
4683688,Dereck Lively II,2025-26,5253360.0
4278594,Naji Marshall,2022-23,1782621.0
4278594,Naji Marshall,2023-24,1930681.0
4278594,Naji Marshall,2024-25,8571429.0
4278594,Naji Marshall,2025-26,9000000.0
3138160,Caleb Martin,2022-23,6479000.0
3138160,Caleb Martin,2023-24,6802950.0
3138160,Caleb Martin,2024-25,8149001.0
3138160,Caleb Martin,2025-26,9594044.0
5211175,Zaccharie Risacher,2024-25,12569040.0
5211175,Zaccharie Risacher,2025-26,13197720.0
4432107,Marcus Sasser,2023-24,2623680.0
4432107,Marcus Sasser,2024-25,2755080.0
4432107,Marcus Sasser,2025-26,2886720.0
4278078,P.J. Washington,2022-23,5808435.0
4278078,P.J. Washington,2023-24,16847826.0
4278078,P.J. Washington,2024-25,15500000.0
4278078,P.J. Washington,2025-26,14152174.0
4277848,Marvin Bagley III,2022-23,12500000.0
4277848,Marvin Bagley III,2023-24,12500000.0
4277848,Marvin Bagley III,2024-25,12500000.0
4277848,Marvin Bagley III,2025-26,2296274.0
4431767,Christian Braun,2022-23,2808600.0
4431767,Christian Braun,2023-24,2949120.0
4431767,Christian Braun,2024-25,3089640.0
4431767,Christian Braun,2025-26,4921797.0
3978,DeMar DeRozan,2022-23,27300000.0
3978,DeMar DeRozan,2023-24,28600000.0
3978,DeMar DeRozan,2024-25,23400000.0
3978,DeMar DeRozan,2025-26,24570000.0
3064290,Aaron Gordon,2022-23,19690909.0
3064290,Aaron Gordon,2023-24,22266182.0
3064290,Aaron Gordon,2024-25,22841455.0
3064290,Aaron Gordon,2025-26,22841455.0
4433607,DaRon Holmes II,2024-25,3065640.0
4433607,DaRon Holmes II,2025-26,3218760.0
3138196,Cameron Johnson,2022-23,5887899.0
3138196,Cameron Johnson,2023-24,25679348.0
3138196,Cameron Johnson,2024-25,22500000.0
3138196,Cameron Johnson,2025-26,21057065.0
3112335,Nikola Jokic,2022-23,33047804.0
3112335,Nikola Jokic,2023-24,47607350.0
3112335,Nikola Jokic,2024-25,51415938.0
3112335,Nikola Jokic,2025-26,55224526.0
4592427,Spencer Jones,2025-26,623967.0
3135046,Tyus Jones,2022-23,1500000.0
3135046,Tyus Jones,2023-24,14000000.0
3135046,Tyus Jones,2024-25,2087519.0
3135046,Tyus Jones,2025-26,514682.0
3936299,Jamal Murray,2022-23,31650000.0
3936299,Jamal Murray,2023-24,33833400.0
3936299,Jamal Murray,2024-25,36016200.0
3936299,Jamal Murray,2025-26,46394100.0
4431690,Zeke Nnaji,2022-23,2498760.0
4431690,Zeke Nnaji,2023-24,4306281.0
4431690,Zeke Nnaji,2024-25,8888889.0
4431690,Zeke Nnaji,2025-26,8177778.0
4593041,David Roddy,2022-23,2588640.0
4593041,David Roddy,2023-24,2718240.0
4593041,David Roddy,2024-25,2847240.0
4432181,Julian Strawther,2023-24,2431080.0
4432181,Julian Strawther,2024-25,2552520.0
4432181,Julian Strawther,2025-26,2674200.0
4277890,Lonnie Walker IV,2022-23,6479000.0
4277890,Lonnie Walker IV,2023-24,2019706.0
4277890,Lonnie Walker IV,2024-25,780932.0
3908845,John Collins,2022-23,23500000.0
3908845,John Collins,2023-24,25340000.0
3908845,John Collins,2024-25,26580000.0
3908845,John Collins,2025-26,26580000.0
4432166,Cade Cunningham,2022-23,10552800.0
4432166,Cade Cunningham,2023-24,11055240.0
4432166,Cade Cunningham,2024-25,13940658.0
4432166,Cade Cunningham,2025-26,46394100.0
4433621,Jalen Duren,2022-23,4124280.0
4433621,Jalen Duren,2023-24,4330680.0
4433621,Jalen Duren,2024-25,4536840.0
4433621,Jalen Duren,2025-26,6483144.0
2596112,Javonte Green,2022-23,1815677.0
2596112,Javonte Green,2024-25,599862.0
2596112,Javonte Green,2025-26,2296274.0
2999547,Gary Harris,2022-23,13000000.0
2999547,Gary Harris,2023-24,13000000.0
2999547,Gary Harris,2024-25,6730769.0
2999547,Gary Harris,2025-26,3634153.0
4683771,Ronald Holland II,2024-25,8245320.0
4683771,Ronald Holland II,2025-26,8657280.0
4066372,Kevin Huerter,2022-23,14508929.0
4066372,Kevin Huerter,2023-24,15669643.0
4066372,Kevin Huerter,2024-25,16830357.0
4066372,Kevin Huerter,2025-26,17991071.0
5107199,Daniss Jenkins,2025-26,3809524.0
4395702,Isaiah Joe,2022-23,1836090.0
4395702,Isaiah Joe,2023-24,1997238.0
4395702,Isaiah Joe,2024-25,12991650.0
4395702,Isaiah Joe,2025-26,12362338.0
5107818,Isaac Jones,2024-25,152957.0
5107818,Isaac Jones,2025-26,1955377.0
4700852,Chaz Lanier,2025-26,1372870.0
4592187,Wendell Moore Jr.,2022-23,2306520.0
4592187,Wendell Moore Jr.,2023-24,2421720.0
4592187,Wendell Moore Jr.,2024-25,2537040.0
2990962,Taurean Prince,2022-23,8000000.0
2990962,Taurean Prince,2023-24,7455000.0
2990962,Taurean Prince,2024-25,2087519.0
2990962,Taurean Prince,2025-26,3303774.0
4278562,Paul Reed,2022-23,1782621.0
4278562,Paul Reed,2023-24,7723000.0
4278562,Paul Reed,2024-25,1427671.0
4278562,Paul Reed,2025-26,5335894.0
3157465,Duncan Robinson,2022-23,16902000.0
3157465,Duncan Robinson,2023-24,18154000.0
3157465,Duncan Robinson,2024-25,19406000.0
3157465,Duncan Robinson,2025-26,16834692.0
4684742,Ausar Thompson,2023-24,7977480.0
4684742,Ausar Thompson,2024-25,8376000.0
4684742,Ausar Thompson,2025-26,8775000.0
4397886,Charles Bassey,2022-23,2600000.0
4397886,Charles Bassey,2023-24,2600000.0
4397886,Charles Bassey,2024-25,2087519.0
6430,Jimmy Butler III,2022-23,37653300.0
6430,Jimmy Butler III,2023-24,45183960.0
6430,Jimmy Butler III,2024-25,48798677.0
6430,Jimmy Butler III,2025-26,54126450.0
3975,Stephen Curry,2022-23,48070014.0
3975,Stephen Curry,2023-24,51915615.0
3975,Stephen Curry,2024-25,55761216.0
3975,Stephen Curry,2025-26,59606817.0
6589,Draymond Green,2022-23,25806468.0
6589,Draymond Green,2023-24,22321429.0
6589,Draymond Green,2024-25,24107143.0
6589,Draymond Green,2025-26,25892857.0
3213,Al Horford,2022-23,26500000.0
3213,Al Horford,2023-24,10000000.0
3213,Al Horford,2024-25,9500000.0
3213,Al Horford,2025-26,5685000.0
4066436,De'Anthony Melton,2022-23,8250000.0
4066436,De'Anthony Melton,2023-24,8000000.0
4066436,De'Anthony Melton,2024-25,12822000.0
4066436,De'Anthony Melton,2025-26,3080921.0
4432171,Moses Moody,2022-23,3562200.0
4432171,Moses Moody,2023-24,3918480.0
4432171,Moses Moody,2024-25,5803269.0
4432171,Moses Moody,2025-26,11574074.0
2990969,Georges Niang,2022-23,3465000.0
2990969,Georges Niang,2023-24,8800000.0
2990969,Georges Niang,2024-25,8500000.0
2990969,Georges Niang,2025-26,8200000.0
3134903,Gary Payton II,2022-23,8300000.0
3134903,Gary Payton II,2023-24,8715000.0
3134903,Gary Payton II,2024-25,9130000.0
3134903,Gary Payton II,2025-26,2296274.0
4709138,Brandin Podziemski,2023-24,3352440.0
4709138,Brandin Podziemski,2024-25,3519960.0
4709138,Brandin Podziemski,2025-26,3687960.0
3102531,Kristaps Porzingis,2022-23,33833400.0
3102531,Kristaps Porzingis,2023-24,36016200.0
3102531,Kristaps Porzingis,2024-25,29268293.0
3102531,Kristaps Porzingis,2025-26,30731707.0
4897262,Will Richard,2025-26,1272870.0
4997536,Gui Santos,2023-24,1029483.0
4997536,Gui Santos,2024-25,1891857.0
4997536,Gui Santos,2025-26,2221677.0
4397821,Nate Williams,2022-23,52644.0
4397821,Nate Williams,2024-25,515881.0
2991235,Steven Adams,2022-23,17926829.0
2991235,Steven Adams,2023-24,12600000.0
2991235,Steven Adams,2024-25,12600000.0
2991235,Steven Adams,2025-26,14130434.0
3037789,Bogdan Bogdanovic,2022-23,18000000.0
3037789,Bogdan Bogdanovic,2023-24,18700000.0
3037789,Bogdan Bogdanovic,2024-25,17260000.0
3037789,Bogdan Bogdanovic,2025-26,16020000.0
3102529,Clint Capela,2022-23,18706896.0
3102529,Clint Capela,2023-24,20616000.0
3102529,Clint Capela,2024-25,22265280.0
3102529,Clint Capela,2025-26,6700000.0
3202,Kevin Durant,2022-23,44119845.0
3202,Kevin Durant,2023-24,47649433.0
3202,Kevin Durant,2024-25,51179021.0
3202,Kevin Durant,2025-26,54708609.0
4433192,Tari Eason,2022-23,3309160.0
4433192,Tari Eason,2023-24,3527160.0
4433192,Tari Eason,2024-25,3695160.0
4433192,Tari Eason,2025-26,5675766.0
4871144,Alperen Sengun,2022-23,3375480.0
4871144,Alperen Sengun,2023-24,3536280.0
4871144,Alperen Sengun,2024-25,5424654.0
4871144,Alperen Sengun,2025-26,33944954.0
4711272,Reed Sheppard,2024-25,10098960.0
4711272,Reed Sheppard,2025-26,10603560.0
2990992,Marcus Smart,2022-23,17207141.0
2990992,Marcus Smart,2023-24,18833712.0
2990992,Marcus Smart,2024-25,20210285.0
2990992,Marcus Smart,2025-26,5134000.0
4432639,Jabari Smith Jr.,2022-23,8882640.0
4432639,Jabari Smith Jr.,2023-24,9326520.0
4432639,Jabari Smith Jr.,2024-25,9770880.0
4432639,Jabari Smith Jr.,2025-26,12350392.0
3136777,Jae'Sean Tate,2022-23,7065217.0
3136777,Jae'Sean Tate,2023-24,6500000.0
3136777,Jae'Sean Tate,2024-25,7565217.0
3136777,Jae'Sean Tate,2025-26,2296274.0
4684740,Amen Thompson,2023-24,8809320.0
4684740,Amen Thompson,2024-25,9249960.0
4684740,Amen Thompson,2025-26,9690600.0
2991230,Fred VanVleet,2022-23,21250000.0
2991230,Fred VanVleet,2023-24,40806300.0
2991230,Fred VanVleet,2024-25,42846615.0
2991230,Fred VanVleet,2025-26,25000000.0
4431752,Kobe Brown,2023-24,2413320.0
4431752,Kobe Brown,2024-25,2533920.0
4431752,Kobe Brown,2025-26,2654880.0
5157066,Johnny Furphy,2024-25,1850842.0
5157066,Johnny Furphy,2025-26,1955377.0
4396993,Tyrese Haliburton,2022-23,4215120.0
4396993,Tyrese Haliburton,2023-24,5808435.0
4396993,Tyrese Haliburton,2024-25,42176000.0
4396993,Tyrese Haliburton,2025-26,45550512.0
4065731,Jay Huff,2024-25,2088033.0
4065731,Jay Huff,2025-26,2349578.0
4592829,Quenton Jackson,2025-26,601553.0
2530530,T.J. McConnell,2022-23,8100000.0
2530530,T.J. McConnell,2023-24,8700000.0
2530530,T.J. McConnell,2024-25,9300000.0
2530530,T.J. McConnell,2025-26,10200000.0
2580365,Larry Nance Jr.,2022-23,9672727.0
2580365,Larry Nance Jr.,2023-24,10375000.0
2580365,Larry Nance Jr.,2024-25,11205000.0
2580365,Larry Nance Jr.,2025-26,2296274.0
4395712,Andrew Nembhard,2022-23,2244111.0
4395712,Andrew Nembhard,2023-24,2131905.0
4395712,Andrew Nembhard,2024-25,2019699.0
4395712,Andrew Nembhard,2025-26,18102000.0
4396909,Aaron Nesmith,2022-23,3804360.0
4396909,Aaron Nesmith,2023-24,5634257.0
4396909,Aaron Nesmith,2024-25,11000000.0
4396909,Aaron Nesmith,2025-26,11000000.0
3133603,Kelly Oubre Jr.,2022-23,12600000.0
3133603,Kelly Oubre Jr.,2023-24,2019706.0
3133603,Kelly Oubre Jr.,2024-25,7983000.0
3133603,Kelly Oubre Jr.,2025-26,8382150.0
4433076,Ben Sheppard,2023-24,2537160.0
4433076,Ben Sheppard,2024-25,2663880.0
4433076,Ben Sheppard,2025-26,2790720.0
3149673,Pascal Siakam,2022-23,35448672.0
3149673,Pascal Siakam,2023-24,37893408.0
3149673,Pascal Siakam,2024-25,42176000.0
3149673,Pascal Siakam,2025-26,45550512.0
4278355,Obi Toppin,2022-23,5348280.0
4278355,Obi Toppin,2023-24,6803012.0
4278355,Obi Toppin,2024-25,12946429.0
4278355,Obi Toppin,2025-26,14000000.0
5106060,Jarace Walker,2023-24,6059520.0
5106060,Jarace Walker,2024-25,6362520.0
5106060,Jarace Walker,2025-26,6665520.0
4017837,Ivica Zubac,2022-23,10123457.0
4017837,Ivica Zubac,2023-24,10933333.0
4017837,Ivica Zubac,2024-25,11743210.0
4017837,Ivica Zubac,2025-26,18102000.0
6580,Bradley Beal,2022-23,43279250.0
6580,Bradley Beal,2023-24,46741590.0
6580,Bradley Beal,2024-25,50203930.0
6580,Bradley Beal,2025-26,5354000.0
4433569,Johni Broome,2025-26,1272870.0
4845363,Cam Christie,2024-25,1157153.0
4845363,Cam Christie,2025-26,1955377.0
5106258,Gradey Dick,2023-24,4536720.0
5106258,Gradey Dick,2024-25,4763760.0
5106258,Gradey Dick,2025-26,4990560.0
2991139,Kris Dunn,2022-23,735819.0
2991139,Kris Dunn,2023-24,2586665.0
2991139,Kris Dunn,2024-25,5168000.0
2991139,Kris Dunn,2025-26,5426000.0
4396907,Darius Garland,2022-23,8920795.0
4396907,Darius Garland,2023-24,34005250.0
4396907,Darius Garland,2024-25,36725670.0
4396907,Darius Garland,2025-26,39446090.0
4066648,Rui Hachimura,2022-23,6263188.0
4066648,Rui Hachimura,2023-24,15740741.0
4066648,Rui Hachimura,2024-25,17000000.0
4066648,Rui Hachimura,2025-26,18259259.0
3913176,Brandon Ingram,2022-23,31650600.0
3913176,Brandon Ingram,2023-24,33833400.0
3913176,Brandon Ingram,2024-25,36016200.0
3913176,Brandon Ingram,2025-26,38095238.0
4432170,Isaiah Jackson,2022-23,2573760.0
4432170,Isaiah Jackson,2023-24,2696280.0
4432170,Isaiah Jackson,2024-25,4435381.0
4432170,Isaiah Jackson,2025-26,7000000.0
3936099,Derrick Jones Jr.,2022-23,3200000.0
3936099,Derrick Jones Jr.,2023-24,2019706.0
3936099,Derrick Jones Jr.,2024-25,9523810.0
3936099,Derrick Jones Jr.,2025-26,10000000.0
3448,Brook Lopez,2022-23,13906976.0
3448,Brook Lopez,2023-24,25000000.0
3448,Brook Lopez,2024-25,23000000.0
3448,Brook Lopez,2025-26,8750000.0
4396818,Jordan Miller,2024-25,1050000.0
4396818,Jordan Miller,2025-26,712637.0
5108024,Yanic Konan Niederhauser,2025-26,2743800.0
4398390,Jalen Pickett,2023-24,2019706.0
4398390,Jalen Pickett,2024-25,1891857.0
4398390,Jalen Pickett,2025-26,2221677.0
4065778,Max Strus,2022-23,1815677.0
4065778,Max Strus,2023-24,14487684.0
4065778,Max Strus,2024-25,15212068.0
4065778,Max Strus,2025-26,15936452.0
4683749,TyTy Washington Jr.,2022-23,2210040.0
3945274,Luka Doncic,2022-23,37095000.0
3945274,Luka Doncic,2023-24,40064220.0
3945274,Luka Doncic,2024-25,43031940.0
3945274,Luka Doncic,2025-26,54126450.0
4397014,Quentin Grimes,2022-23,2277000.0
4397014,Quentin Grimes,2023-24,2385720.0
4397014,Quentin Grimes,2024-25,4296615.0
4397014,Quentin Grimes,2025-26,8741209.0
4868423,Jaden Hardy,2022-23,1017781.0
4868423,Jaden Hardy,2023-24,1719864.0
4868423,Jaden Hardy,2024-25,2019699.0
4868423,Jaden Hardy,2025-26,6000000.0
4683774,Bronny James,2024-25,1157153.0
4683774,Bronny James,2025-26,1955377.0
4433136,Walker Kessler,2022-23,2696400.0
4433136,Walker Kessler,2023-24,2831160.0
4433136,Walker Kessler,2024-25,2965920.0
4433136,Walker Kessler,2025-26,4878938.0
4897943,Dalton Knecht,2024-25,3819120.0
4897943,Dalton Knecht,2025-26,4010160.0
4592691,Jake LaRavia,2022-23,3047640.0
4592691,Jake LaRavia,2023-24,3199920.0
4592691,Jake LaRavia,2024-25,3352680.0
4592691,Jake LaRavia,2025-26,6000000.0
3155535,Kevon Looney,2022-23,8000000.0
3155535,Kevon Looney,2023-24,7500000.0
3155535,Kevon Looney,2024-25,8000000.0
3155535,Kevon Looney,2025-26,8000000.0
4278580,Sandro Mamukelashvili,2022-23,357717.0
4278580,Sandro Mamukelashvili,2023-24,2019760.0
4278580,Sandro Mamukelashvili,2024-25,2087519.0
4278580,Sandro Mamukelashvili,2025-26,2461463.0
4066457,Austin Reaves,2022-23,1563518.0
4066457,Austin Reaves,2023-24,12015150.0
4066457,Austin Reaves,2024-25,12976362.0
4066457,Austin Reaves,2025-26,13937574.0
4277811,Collin Sexton,2022-23,16500000.0
4277811,Collin Sexton,2023-24,17325000.0
4277811,Collin Sexton,2024-25,18350000.0
4277811,Collin Sexton,2025-26,19170000.0
5060631,Adou Thiero,2025-26,1272870.0
3907498,Matisse Thybulle,2022-23,4379527.0
3907498,Matisse Thybulle,2023-24,10500000.0
3907498,Matisse Thybulle,2024-25,11025160.0
3907498,Matisse Thybulle,2025-26,11550000.0
4278077,Jarred Vanderbilt,2022-23,4374000.0
4278077,Jarred Vanderbilt,2023-24,4698000.0
4278077,Jarred Vanderbilt,2024-25,10714286.0
4278077,Jarred Vanderbilt,2025-26,11571429.0
4433137,Ziaire Williams,2022-23,4591680.0
4433137,Ziaire Williams,2023-24,4810200.0
4433137,Ziaire Williams,2024-25,6133005.0
4433137,Ziaire Williams,2025-26,6250000.0
4896372,Walter Clayton Jr.,2025-26,3991320.0
4903027,Cedric Coward,2025-26,5715120.0
4600663,Zach Edey,2024-25,5756880.0
4600663,Zach Edey,2025-26,6045000.0
2991070,Jerami Grant,2022-23,20955000.0
2991070,Jerami Grant,2023-24,27586207.0
2991070,Jerami Grant,2024-25,29793104.0
2991070,Jerami Grant,2025-26,32000000.0
4683750,Jordan Hawkins,2023-24,4310160.0
4683750,Jordan Hawkins,2024-25,4525680.0
4683750,Jordan Hawkins,2025-26,4741320.0
4684806,Taylor Hendricks,2023-24,5569920.0
4684806,Taylor Hendricks,2024-25,5848680.0
4684806,Taylor Hendricks,2025-26,6127080.0
5105550,GG Jackson,2023-24,1991428.0
5105550,GG Jackson,2024-25,1891857.0
5105550,GG Jackson,2025-26,2221677.0
4065733,Ty Jerome,2023-24,2439025.0
4065733,Ty Jerome,2024-25,2560975.0
4065733,Ty Jerome,2025-26,8781000.0
4594326,Kris Murray,2023-24,2847480.0
4594326,Kris Murray,2024-25,2990040.0
4594326,Kris Murray,2025-26,3132000.0
4432185,Micah Peavy,2025-26,1272970.0
4431785,Scotty Pippen Jr.,2024-25,2087519.0
4431785,Scotty Pippen Jr.,2025-26,2270735.0
4593016,Quinten Post,2024-25,438920.0
4593016,Quinten Post,2025-26,1935377.0
4595400,Olivier-Maxence Prosper,2023-24,2733360.0
4595400,Olivier-Maxence Prosper,2024-25,2869920.0
4595400,Olivier-Maxence Prosper,2025-26,527879.0
3136776,D'Angelo Russell,2022-23,31377750.0
3136776,D'Angelo Russell,2023-24,17307693.0
3136776,D'Angelo Russell,2024-25,18692307.0
3136776,D'Angelo Russell,2025-26,5685000.0
4433083,Cam Spencer,2025-26,2537989.0
4432810,Isaiah Stewart,2022-23,3433320.0
4432810,Isaiah Stewart,2023-24,5266713.0
4432810,Isaiah Stewart,2024-25,15000000.0
4432810,Isaiah Stewart,2025-26,15000000.0
5112087,Jaylen Wells,2024-25,1157153.0
5112087,Jaylen Wells,2025-26,1955377.0
4066261,Bam Adebayo,2022-23,30351780.0
4066261,Bam Adebayo,2023-24,32600060.0
4066261,Bam Adebayo,2024-25,34848340.0
4066261,Bam Adebayo,2025-26,37096620.0
3032977,Giannis Antetokounmpo,2022-23,42492492.0
3032977,Giannis Antetokounmpo,2023-24,45640084.0
3032977,Giannis Antetokounmpo,2024-25,48787676.0
3032977,Giannis Antetokounmpo,2025-26,54126450.0
3899664,Simone Fontecchio,2022-23,3205128.0
3899664,Simone Fontecchio,2023-24,3044872.0
3899664,Simone Fontecchio,2024-25,7692308.0
3899664,Simone Fontecchio,2025-26,8307692.0
4431772,Myron Gardner,2025-26,395029.0
2528210,Tim Hardaway Jr.,2022-23,19602273.0
2528210,Tim Hardaway Jr.,2023-24,17897728.0
2528210,Tim Hardaway Jr.,2024-25,16193183.0
2528210,Tim Hardaway Jr.,2025-26,2296274.0
4431786,Keshad Johnson,2024-25,724883.0
4431786,Keshad Johnson,2025-26,1955377.0
4997528,Nikola Jovic,2022-23,2239920.0
4997528,Nikola Jovic,2023-24,2352000.0
4997528,Nikola Jovic,2024-25,2464200.0
4997528,Nikola Jovic,2025-26,4445417.0
4601025,Pelle Larsson,2024-25,1157143.0
4601025,Pelle Larsson,2025-26,1955377.0
4278053,Davion Mitchell,2022-23,4833600.0
4278053,Davion Mitchell,2023-24,5063760.0
4278053,Davion Mitchell,2024-25,6451230.0
4278053,Davion Mitchell,2025-26,11600000.0
3064482,Bobby Portis,2022-23,10843350.0
3064482,Bobby Portis,2023-24,11710818.0
3064482,Bobby Portis,2024-25,12578286.0
3064482,Bobby Portis,2025-26,13580247.0
4278076,Nick Richards,2022-23,1782621.0
4278076,Nick Richards,2023-24,5000000.0
4278076,Nick Richards,2024-25,5000000.0
4278076,Nick Richards,2025-26,5000000.0
4066993,Dru Smith,2023-24,1801769.0
4066993,Dru Smith,2025-26,2378870.0
6475,Klay Thompson,2022-23,40600080.0
6475,Klay Thompson,2023-24,43219440.0
6475,Klay Thompson,2024-25,15873016.0
6475,Klay Thompson,2025-26,16666667.0
3059319,Andrew Wiggins,2022-23,33616770.0
3059319,Andrew Wiggins,2023-24,24330357.0
3059319,Andrew Wiggins,2024-25,26276786.0
3059319,Andrew Wiggins,2025-26,28223214.0
4997526,Ousmane Dieng,2022-23,4569840.0
4997526,Ousmane Dieng,2023-24,4798440.0
4997526,Ousmane Dieng,2024-25,5027040.0
4997526,Ousmane Dieng,2025-26,6670882.0
4397475,AJ Green,2023-24,1801769.0
4397475,AJ Green,2024-25,2120693.0
4397475,AJ Green,2025-26,2301587.0
4395725,Tyler Herro,2022-23,5722116.0
4395725,Tyler Herro,2023-24,27000000.0
4395725,Tyler Herro,2024-25,29000000.0
4395725,Tyler Herro,2025-26,31000000.0
5214640,Kasparas Jakucionis,2025-26,3658800.0
4432848,Jaime Jaquez Jr.,2023-24,3510600.0
4432848,Jaime Jaquez Jr.,2024-25,3685800.0
4432848,Jaime Jaquez Jr.,2025-26,3861600.0
4697268,Kam Jones,2025-26,1272870.0
3134907,Kyle Kuzma,2022-23,13000000.0
3134907,Kyle Kuzma,2023-24,25568182.0
3134907,Kyle Kuzma,2024-25,22410605.0
3134907,Kyle Kuzma,2025-26,21810605.0
2991043,Caris LeVert,2022-23,18796296.0
2991043,Caris LeVert,2023-24,15384616.0
2991043,Caris LeVert,2024-25,16615384.0
2991043,Caris LeVert,2025-26,14104000.0
4397140,Kevin Porter Jr.,2022-23,3217631.0
4397140,Kevin Porter Jr.,2023-24,15860000.0
4397140,Kevin Porter Jr.,2024-25,2237691.0
4397140,Kevin Porter Jr.,2025-26,5134000.0
4591725,Ryan Rollins,2022-23,1017781.0
4591725,Ryan Rollins,2024-25,491887.0
4591725,Ryan Rollins,2025-26,4000000.0
4277922,Jericho Sims,2022-23,1639842.0
4277922,Jericho Sims,2023-24,1927896.0
4277922,Jericho Sims,2024-25,2092344.0
4277922,Jericho Sims,2025-26,2461463.0
4277843,Gary Trent Jr.,2022-23,17505000.0
4277843,Gary Trent Jr.,2023-24,18560000.0
4277843,Gary Trent Jr.,2024-25,2087519.0
4277843,Gary Trent Jr.,2025-26,3697105.0
3133628,Myles Turner,2022-23,35096500.0
3133628,Myles Turner,2023-24,20975000.0
3133628,Myles Turner,2024-25,19928500.0
3133628,Myles Turner,2025-26,25318251.0
5105623,Kel'el Ware,2024-25,4231800.0
5105623,Kel'el Ware,2025-26,4443360.0
4432816,LaMelo Ball,2022-23,8623920.0
4432816,LaMelo Ball,2023-24,10900635.0
4432816,LaMelo Ball,2024-25,35147000.0
4432816,LaMelo Ball,2025-26,37958760.0
5279133,Joan Beringer,2025-26,4201080.0
4432247,Jaylen Clark,2024-25,429323.0
4432247,Jaylen Clark,2025-26,2191897.0
3934673,Donte DiVincenzo,2022-23,4500000.0
3934673,Donte DiVincenzo,2023-24,10960000.0
3934673,Donte DiVincenzo,2024-25,11445000.0
3934673,Donte DiVincenzo,2025-26,11990000.0
4397002,Ayo Dosunmu,2022-23,1563518.0
4397002,Ayo Dosunmu,2023-24,6481481.0
4397002,Ayo Dosunmu,2024-25,7000000.0
4397002,Ayo Dosunmu,2025-26,7518519.0
4594268,Anthony Edwards,2022-23,10733400.0
4594268,Anthony Edwards,2023-24,9219512.0
4594268,Anthony Edwards,2024-25,42176400.0
4594268,Anthony Edwards,2025-26,45550512.0
3032976,Rudy Gobert,2022-23,38172414.0
3032976,Rudy Gobert,2023-24,41000000.0
3032976,Rudy Gobert,2024-25,43827587.0
3032976,Rudy Gobert,2025-26,35000000.0
4592492,Bones Hyland,2022-23,2201520.0
4592492,Bones Hyland,2023-24,2306400.0
4592492,Bones Hyland,2024-25,4158439.0
4592492,Bones Hyland,2025-26,2296274.0
3134932,John Konchar,2022-23,2300000.0
3134932,John Konchar,2023-24,2400000.0
3134932,John Konchar,2024-25,6165000.0
3134932,John Konchar,2025-26,6165000.0
4433247,Jonathan Kuminga,2022-23,5739860.0
4433247,Jonathan Kuminga,2023-24,6012840.0
4433247,Jonathan Kuminga,2024-25,7636154.0
4433247,Jonathan Kuminga,2025-26,22500000.0
3136196,Trey Lyles,2022-23,2700000.0
3136196,Trey Lyles,2023-24,8000000.0
3136196,Trey Lyles,2024-25,8000000.0
4431671,Jaden McDaniels,2022-23,2161440.0
4431671,Jaden McDaniels,2023-24,3901399.0
4431671,Jaden McDaniels,2024-25,23017242.0
4431671,Jaden McDaniels,2025-26,24858622.0
5105553,Julian Phillips,2023-24,1600000.0
5105553,Julian Phillips,2024-25,1891857.0
5105553,Julian Phillips,2025-26,2221677.0
4432847,Terrence Shannon Jr.,2024-25,2546640.0
4432847,Terrence Shannon Jr.,2025-26,2674080.0
4895758,Cody Williams,2024-25,5485080.0
4895758,Cody Williams,2025-26,5742480.0
4397136,Saddiq Bey,2022-23,2959080.0
4397136,Saddiq Bey,2023-24,4556983.0
4397136,Saddiq Bey,2024-25,6440678.0
4397136,Saddiq Bey,2025-26,6118644.0
5144091,Jeremiah Fears,2025-26,7520040.0
5170947,AJ Johnson,2024-25,2795294.0
5170947,AJ Johnson,2025-26,3090480.0
4277813,Herbert Jones,2022-23,1785000.0
4277813,Herbert Jones,2023-24,12015150.0
4277813,Herbert Jones,2024-25,12976362.0
4277813,Herbert Jones,2025-26,13937574.0
3442,DeAndre Jordan,2022-23,1836090.0
3442,DeAndre Jordan,2023-24,2019706.0
3442,DeAndre Jordan,2024-25,2087519.0
3442,DeAndre Jordan,2025-26,2269880.0
4683634,Bennedict Mathurin,2022-23,6586800.0
4683634,Bennedict Mathurin,2023-24,6916080.0
4683634,Bennedict Mathurin,2024-25,7245720.0
4683634,Bennedict Mathurin,2025-26,9187573.0
4997538,Karlo Matkovic,2024-25,1407153.0
4997538,Karlo Matkovic,2025-26,1955377.0
4576086,Bryce McGowens,2022-23,1075000.0
4576086,Bryce McGowens,2023-24,1719865.0
4576086,Bryce McGowens,2024-25,2019699.0
4576086,Bryce McGowens,2025-26,724598.0
5061589,Yves Missi,2024-25,3202560.0
5061589,Yves Missi,2025-26,3353040.0
4397688,Trey Murphy III,2022-23,3206640.0
4397688,Trey Murphy III,2023-24,3359280.0
4397688,Trey Murphy III,2024-25,5159855.0
4397688,Trey Murphy III,2025-26,25000000.0
3907497,Dejounte Murray,2022-23,16571120.0
3907497,Dejounte Murray,2023-24,18214000.0
3907497,Dejounte Murray,2024-25,29535801.0
3907497,Dejounte Murray,2025-26,30801103.0
4277956,Jordan Poole,2022-23,3901399.0
4277956,Jordan Poole,2023-24,27955357.0
4277956,Jordan Poole,2024-25,29651786.0
4277956,Jordan Poole,2025-26,31848215.0
4869780,Derik Queen,2025-26,5157960.0
4431675,Trendon Watford,2022-23,1563518.0
4431675,Trendon Watford,2023-24,2019706.0
4431675,Trendon Watford,2024-25,2726603.0
4431675,Trendon Watford,2025-26,2461463.0
4395628,Zion Williamson,2022-23,13534817.0
4395628,Zion Williamson,2023-24,34005250.0
4395628,Zion Williamson,2024-25,36725670.0
4395628,Zion Williamson,2025-26,39446090.0
4277869,Jose Alvarado,2022-23,1563518.0
4277869,Jose Alvarado,2023-24,1836096.0
4277869,Jose Alvarado,2024-25,1988598.0
4277869,Jose Alvarado,2025-26,4500000.0
3934719,OG Anunoby,2022-23,17357143.0
3934719,OG Anunoby,2023-24,18642857.0
3934719,OG Anunoby,2024-25,36637931.0
3934719,OG Anunoby,2025-26,39568966.0
3147657,Mikal Bridges,2022-23,20100000.0
3147657,Mikal Bridges,2023-24,21700000.0
3147657,Mikal Bridges,2024-25,23300000.0
3147657,Mikal Bridges,2025-26,24900000.0
3934672,Jalen Brunson,2022-23,27733332.0
3934672,Jalen Brunson,2023-24,26346666.0
3934672,Jalen Brunson,2024-25,24960001.0
3934672,Jalen Brunson,2025-26,34944001.0
2528426,Jordan Clarkson,2022-23,13340000.0
2528426,Jordan Clarkson,2023-24,23487629.0
2528426,Jordan Clarkson,2024-25,14092577.0
2528426,Jordan Clarkson,2025-26,2296274.0
5211983,Pacome Dadiet,2024-25,1808080.0
5211983,Pacome Dadiet,2025-26,2847600.0
5289900,Mohamed Diawara,2025-26,1272870.0
6585,Andre Drummond,2022-23,3200000.0
6585,Andre Drummond,2023-24,3360000.0
6585,Andre Drummond,2024-25,5000000.0
6585,Andre Drummond,2025-26,5000000.0
3062679,Josh Hart,2022-23,12960000.0
3062679,Josh Hart,2023-24,12960000.0
3062679,Josh Hart,2024-25,18144000.0
3062679,Josh Hart,2025-26,19472240.0
4433225,Tyler Kolek,2024-25,2087519.0
4433225,Tyler Kolek,2025-26,2191897.0
4431823,Miles McBride,2022-23,1563518.0
4431823,Miles McBride,2023-24,1836096.0
4431823,Miles McBride,2024-25,4710144.0
4431823,Miles McBride,2025-26,4333333.0
3914044,Landry Shamet,2022-23,9500000.0
3914044,Landry Shamet,2023-24,10250000.0
3914044,Landry Shamet,2024-25,1343690.0
3914044,Landry Shamet,2025-26,2296274.0
3136195,Karl-Anthony Towns,2022-23,33833400.0
3136195,Karl-Anthony Towns,2023-24,36016200.0
3136195,Karl-Anthony Towns,2024-25,49205800.0
3136195,Karl-Anthony Towns,2025-26,54126450.0
2991350,Alex Caruso,2022-23,9030000.0
2991350,Alex Caruso,2023-24,9460000.0
2991350,Alex Caruso,2024-25,9890000.0
2991350,Alex Caruso,2025-26,18102000.0
4278073,Shai Gilgeous-Alexander,2022-23,30913750.0
4278073,Shai Gilgeous-Alexander,2023-24,33386850.0
4278073,Shai Gilgeous-Alexander,2024-25,35859950.0
4278073,Shai Gilgeous-Alexander,2025-26,38333050.0
4222252,Isaiah Hartenstein,2022-23,7804879.0
4222252,Isaiah Hartenstein,2023-24,9245121.0
4222252,Isaiah Hartenstein,2024-25,30000000.0
4222252,Isaiah Hartenstein,2025-26,28500000.0
4433255,Chet Holmgren,2022-23,9891240.0
4433255,Chet Holmgren,2023-24,10386000.0
4433255,Chet Holmgren,2024-25,10880640.0
4433255,Chet Holmgren,2025-26,13731368.0
4683778,Jared McCain,2024-25,4032240.0
4683778,Jared McCain,2025-26,4221360.0
4900671,Ajay Mitchell,2024-25,3000000.0
4900671,Ajay Mitchell,2025-26,3000000.0
5061603,Thomas Sorber,2025-26,4655040.0
5159925,Nikola Topic,2024-25,4935960.0
5159925,Nikola Topic,2025-26,5182920.0
4683692,Cason Wallace,2023-24,5291000.0
4683692,Cason Wallace,2024-25,5555880.0
4683692,Cason Wallace,2025-26,5820240.0
4593803,Jalen Williams,2022-23,4341480.0
4593803,Jalen Williams,2023-24,4558680.0
4593803,Jalen Williams,2024-25,4775760.0
4593803,Jalen Williams,2025-26,6580997.0
4432823,Jaylin Williams,2022-23,2000000.0
4432823,Jaylin Williams,2023-24,2000000.0
4432823,Jaylin Williams,2024-25,2019699.0
4432823,Jaylin Williams,2025-26,8450794.0
3133626,Kenrich Williams,2022-23,2000000.0
3133626,Kenrich Williams,2023-24,6175000.0
3133626,Kenrich Williams,2024-25,6669000.0
3133626,Kenrich Williams,2025-26,7163000.0
4432573,Paolo Banchero,2022-23,11055120.0
4432573,Paolo Banchero,2023-24,11608080.0
4432573,Paolo Banchero,2024-25,12160800.0
4432573,Paolo Banchero,2025-26,15334769.0
4066320,Desmond Bane,2022-23,2130240.0
4066320,Desmond Bane,2023-24,3845083.0
4066320,Desmond Bane,2024-25,34005250.0
4066320,Desmond Bane,2025-26,36725670.0
4348700,Goga Bitadze,2022-23,612181.0
4348700,Goga Bitadze,2023-24,2062585.0
4348700,Goga Bitadze,2024-25,9057971.0
4348700,Goga Bitadze,2025-26,8333333.0
4712849,Anthony Black,2023-24,7245480.0
4712849,Anthony Black,2024-25,7607760.0
4712849,Anthony Black,2025-26,7970280.0
4565201,Malaki Branham,2022-23,2925600.0
4565201,Malaki Branham,2023-24,3071880.0
4565201,Malaki Branham,2024-25,3217920.0
4565201,Malaki Branham,2025-26,4962033.0
3133635,Jevon Carter,2022-23,2100000.0
3133635,Jevon Carter,2023-24,6190476.0
3133635,Jevon Carter,2024-25,6500000.0
3133635,Jevon Carter,2025-26,871000.0
4277847,Wendell Carter Jr.,2022-23,14150000.0
4277847,Wendell Carter Jr.,2023-24,13050000.0
4277847,Wendell Carter Jr.,2024-25,11950000.0
4277847,Wendell Carter Jr.,2025-26,10850000.0
4397204,Colin Castleton,2025-26,2191897.0
4702382,Tristan da Silva,2024-25,3628440.0
4702382,Tristan da Silva,2025-26,3809520.0
4576085,JD Davison,2025-26,2270735.0
4065654,Jonathan Isaac,2022-23,17400000.0
4065654,Jonathan Isaac,2023-24,17400000.0
4065654,Jonathan Isaac,2024-25,25000000.0
4065654,Jonathan Isaac,2025-26,15000000.0
5214637,Noah Penda,2025-26,1272870.0
5239561,Jase Richardson,2025-26,2983320.0
4432165,Jalen Suggs,2022-23,6922320.0
4432165,Jalen Suggs,2023-24,7252080.0
4432165,Jalen Suggs,2024-25,9188385.0
4432165,Jalen Suggs,2025-26,35000000.0
6478,Nikola Vucevic,2022-23,22000000.0
6478,Nikola Vucevic,2023-24,18518519.0
6478,Nikola Vucevic,2024-25,20000000.0
6478,Nikola Vucevic,2025-26,21481481.0
4566434,Franz Wagner,2022-23,5258280.0
4566434,Franz Wagner,2023-24,5508720.0
4566434,Franz Wagner,2024-25,7007092.0
4566434,Franz Wagner,2025-26,38661750.0
4870562,Dominick Barlow,2023-24,455620.0
4870562,Dominick Barlow,2024-25,491887.0
4870562,Dominick Barlow,2025-26,3415000.0
5105637,Adem Bona,2024-25,1157153.0
5105637,Adem Bona,2025-26,1955377.0
3917376,Jaylen Brown,2022-23,28741071.0
3917376,Jaylen Brown,2023-24,31830357.0
3917376,Jaylen Brown,2024-25,49205800.0
3917376,Jaylen Brown,2025-26,53142264.0
2581018,Kentavious Caldwell-Pope,2022-23,14004703.0
2581018,Kentavious Caldwell-Pope,2023-24,14704938.0
2581018,Kentavious Caldwell-Pope,2024-25,22757000.0
2581018,Kentavious Caldwell-Pope,2025-26,21621500.0
5124612,VJ Edgecombe,2025-26,11108880.0
4711297,Justin Edwards,2024-25,425619.0
4711297,Justin Edwards,2025-26,2048494.0
3059318,Joel Embiid,2022-23,33616770.0
3059318,Joel Embiid,2023-24,46900000.0
3059318,Joel Embiid,2024-25,51415938.0
3059318,Joel Embiid,2025-26,55224526.0
4871141,Ariel Hukporti,2024-25,1064558.0
4871141,Ariel Hukporti,2025-26,1955377.0
1966,LeBron James,2022-23,44474988.0
1966,LeBron James,2023-24,47607350.0
1966,LeBron James,2024-25,48728845.0
1966,LeBron James,2025-26,52627153.0
4702159,Dillon Jones,2024-25,2622360.0
4702159,Dillon Jones,2025-26,2753280.0
4431678,Tyrese Maxey,2022-23,2726880.0
4431678,Tyrese Maxey,2023-24,4343920.0
4431678,Tyrese Maxey,2024-25,35147000.0
4431678,Tyrese Maxey,2025-26,37958760.0
5099752,Rayan Rupert,2023-24,1119563.0
5099752,Rayan Rupert,2024-25,1891857.0
4351851,Anfernee Simons,2022-23,22321429.0
4351851,Anfernee Simons,2023-24,24107143.0
4351851,Anfernee Simons,2024-25,25892857.0
4351851,Anfernee Simons,2025-26,27678571.0
3912848,Dean Wade,2022-23,1930681.0
3912848,Dean Wade,2023-24,5709877.0
3912848,Dean Wade,2024-25,6166667.0
3912848,Dean Wade,2025-26,6623456.0
4432446,Jabari Walker,2022-23,1017781.0
4432446,Jabari Walker,2023-24,1719864.0
4432446,Jabari Walker,2024-25,2019699.0
4432446,Jabari Walker,2025-26,724598.0
3136193,Devin Booker,2022-23,33833400.0
3136193,Devin Booker,2023-24,36016200.0
3136193,Devin Booker,2024-25,49205800.0
3136193,Devin Booker,2025-26,53142264.0
4280245,Jamaree Bouyea,2025-26,574210.0
4066383,Miles Bridges,2023-24,7921301.0
4066383,Miles Bridges,2024-25,27173913.0
4066383,Miles Bridges,2025-26,25000000.0
3155526,Dillon Brooks,2022-23,11400000.0
3155526,Dillon Brooks,2023-24,22627671.0
3155526,Dillon Brooks,2024-25,22255493.0
3155526,Dillon Brooks,2025-26,22124110.0
4888725,Ryan Dunn,2024-25,2538240.0
4888725,Ryan Dunn,2025-26,2657760.0
5105977,Rasheer Fleming,2025-26,1272870.0
4278585,Collin Gillespie,2025-26,2296274.0
4278402,Jordan Goodwin,2022-23,900000.0
4278402,Jordan Goodwin,2024-25,223718.0
4278402,Jordan Goodwin,2025-26,2349578.0
4437244,Jalen Green,2022-23,9441840.0
4437244,Jalen Green,2023-24,9891480.0
4437244,Jalen Green,2024-25,12483048.0
4437244,Jalen Green,2025-26,33548499.0
4291678,Haywood Highsmith,2022-23,1752638.0
4291678,Haywood Highsmith,2023-24,1902137.0
4291678,Haywood Highsmith,2024-25,5200000.0
4291678,Haywood Highsmith,2025-26,827984.0
4601023,Oso Ighodaro,2024-25,1157153.0
4601023,Oso Ighodaro,2025-26,1955377.0
3913174,Luke Kennard,2022-23,14415545.0
3913174,Luke Kennard,2023-24,15418363.0
3913174,Luke Kennard,2024-25,9250000.0
3913174,Luke Kennard,2025-26,11000000.0
4277957,Isaiah Livers,2022-23,1563518.0
4277957,Isaiah Livers,2023-24,1836096.0
5203685,Khaman Maluach,2025-26,6016080.0
4066268,Duop Reath,2023-24,1951220.0
4066268,Duop Reath,2024-25,2048780.0
4066268,Duop Reath,2025-26,2221677.0
4592714,Pat Spencer,2024-25,438810.0
4592714,Pat Spencer,2025-26,857804.0
4701232,Mark Williams,2022-23,3722040.0
4701232,Mark Williams,2023-24,3908160.0
4701232,Mark Williams,2024-25,4094280.0
4701232,Mark Williams,2025-26,6276531.0
4683021,Deni Avdija,2022-23,4916160.0
4683021,Deni Avdija,2023-24,6263188.0
4683021,Deni Avdija,2024-25,15625000.0
4683021,Deni Avdija,2025-26,14375000.0
4431736,Toumani Camara,2023-24,1119563.0
4431736,Toumani Camara,2024-25,1891857.0
4431736,Toumani Camara,2025-26,2221677.0
4592435,Branden Carlson,2024-25,990895.0
5081727,Sidy Cissoko,2023-24,1119563.0
5081727,Sidy Cissoko,2024-25,1891857.0
5081727,Sidy Cissoko,2025-26,688243.0
5105565,Donovan Clingan,2024-25,6586440.0
5105565,Donovan Clingan,2025-26,7178400.0
5217746,Yang Hansen,2025-26,4422360.0
4683678,Scoot Henderson,2023-24,9770880.0
4683678,Scoot Henderson,2024-25,10259160.0
4683678,Scoot Henderson,2025-26,10748040.0
3995,Jrue Holiday,2022-23,33665040.0
3995,Jrue Holiday,2023-24,36861707.0
3995,Jrue Holiday,2024-25,30000000.0
3995,Jrue Holiday,2025-26,32400000.0
4578893,Vit Krejci,2022-23,1563518.0
4578893,Vit Krejci,2024-25,2162606.0
4578893,Vit Krejci,2025-26,2349578.0
6606,Damian Lillard,2022-23,42492492.0
6606,Damian Lillard,2023-24,45640084.0
6606,Damian Lillard,2024-25,48787676.0
6606,Damian Lillard,2025-26,14104000.0
4279888,Ja Morant,2022-23,9603360.0
4279888,Ja Morant,2023-24,34005250.0
4279888,Ja Morant,2024-25,36725670.0
4279888,Ja Morant,2025-26,39446090.0
4066399,Micah Potter,2025-26,1527805.0
4914336,Shaedon Sharpe,2022-23,6012960.0
4914336,Shaedon Sharpe,2023-24,6313800.0
4914336,Shaedon Sharpe,2024-25,6614160.0
4914336,Shaedon Sharpe,2025-26,8399983.0
4610139,Jeremy Sochan,2022-23,5063520.0
4610139,Jeremy Sochan,2023-24,5316960.0
4610139,Jeremy Sochan,2024-25,5570040.0
4610139,Jeremy Sochan,2025-26,778622.0
4066211,Robert Williams III,2022-23,10937502.0
4066211,Robert Williams III,2023-24,11571429.0
4066211,Robert Williams III,2024-25,12428571.0
4066211,Robert Williams III,2025-26,13285713.0
4431679,Precious Achiuwa,2022-23,2840160.0
4431679,Precious Achiuwa,2023-24,4379527.0
4431679,Precious Achiuwa,2024-25,6000000.0
4431679,Precious Achiuwa,2025-26,2111516.0
4433174,Dylan Cardwell,2025-26,871000.0
4702384,Nique Clifford,2025-26,3108120.0
4065732,De'Andre Hunter,2022-23,9835881.0
4065732,De'Andre Hunter,2023-24,20089286.0
4065732,De'Andre Hunter,2024-25,21696429.0
4065732,De'Andre Hunter,2025-26,23303571.0
3064440,Zach LaVine,2022-23,37096500.0
3064440,Zach LaVine,2023-24,40064220.0
3064440,Zach LaVine,2024-25,44531940.0
3064440,Zach LaVine,2025-26,47499660.0
5107897,Jonathan Mogbo,2024-25,1862265.0
5107897,Jonathan Mogbo,2025-26,1955377.0
4066262,Malik Monk,2022-23,9472219.0
4066262,Malik Monk,2023-24,9945830.0
4066262,Malik Monk,2024-25,17405202.0
4066262,Malik Monk,2025-26,18797618.0
4594327,Keegan Murray,2022-23,8008440.0
4594327,Keegan Murray,2023-24,8409000.0
4594327,Keegan Murray,2024-25,8809560.0
4594327,Keegan Murray,2025-26,11144093.0
4898371,Maxime Raynaud,2025-26,1272870.0
3155942,Domantas Sabonis,2022-23,18500000.0
3155942,Domantas Sabonis,2023-24,30600000.0
3155942,Domantas Sabonis,2024-25,40500000.0
3155942,Domantas Sabonis,2025-26,43636000.0
3907387,Ben Simmons,2022-23,35448672.0
3907387,Ben Simmons,2023-24,37893408.0
3907387,Ben Simmons,2024-25,755826.0
6578,Harrison Barnes,2022-23,18352273.0
6578,Harrison Barnes,2023-24,17000000.0
6578,Harrison Barnes,2024-25,18000000.0
6578,Harrison Barnes,2025-26,19000000.0
5061568,Carter Bryant,2025-26,4900320.0
4845367,Stephon Castle,2024-25,9131760.0
4845367,Stephon Castle,2025-26,9560520.0
4592479,Julian Champagnie,2023-24,3000000.0
4592479,Julian Champagnie,2024-25,3000000.0
4592479,Julian Champagnie,2025-26,3000000.0
4066259,De'Aaron Fox,2022-23,28103550.0
4066259,De'Aaron Fox,2023-24,32600060.0
4066259,De'Aaron Fox,2024-25,34848340.0
4066259,De'Aaron Fox,2025-26,37096620.0
5037871,Dylan Harper,2025-26,12370320.0
6440,Tobias Harris,2022-23,37633050.0
6440,Tobias Harris,2023-24,39270150.0
6440,Tobias Harris,2024-25,25365854.0
6440,Tobias Harris,2025-26,26634146.0
4395723,Keldon Johnson,2022-23,3873025.0
4395723,Keldon Johnson,2023-24,20000000.0
4395723,Keldon Johnson,2024-25,19000000.0
4395723,Keldon Johnson,2025-26,17500000.0
3064560,Luke Kornet,2022-23,2133278.0
3064560,Luke Kornet,2023-24,2413304.0
3064560,Luke Kornet,2024-25,2087519.0
3064560,Luke Kornet,2025-26,11000000.0
3134916,Jordan McLaughlin,2022-23,2160000.0
3134916,Jordan McLaughlin,2023-24,2320000.0
3134916,Jordan McLaughlin,2024-25,2087519.0
3134916,Jordan McLaughlin,2025-26,2296274.0
4395630,Devin Vassell,2022-23,4437000.0
4395630,Devin Vassell,2023-24,5887899.0
4395630,Devin Vassell,2024-25,29347826.0
4395630,Devin Vassell,2025-26,27000000.0
5104157,Victor Wembanyama,2023-24,12160680.0
5104157,Victor Wembanyama,2024-25,12768960.0
5104157,Victor Wembanyama,2025-26,13376880.0
2993874,Kyle Anderson,2022-23,8780488.0
2993874,Kyle Anderson,2023-24,9219512.0
2993874,Kyle Anderson,2024-25,8780488.0
2993874,Kyle Anderson,2025-26,567470.0
4433134,Scottie Barnes,2022-23,7644720.0
4433134,Scottie Barnes,2023-24,8008560.0
4433134,Scottie Barnes,2024-25,10130980.0
4433134,Scottie Barnes,2025-26,38661750.0
4395625,RJ Barrett,2022-23,10900635.0
4395625,RJ Barrett,2023-24,23883929.0
4395625,RJ Barrett,2024-25,25794643.0
4395625,RJ Barrett,2025-26,27705357.0
4431893,Jamison Battle,2024-25,1000000.0
4431893,Jamison Battle,2025-26,1955377.0
4432190,Andre Jackson Jr.,2023-24,1119563.0
4432190,Andre Jackson Jr.,2024-25,1891857.0
4432190,Andre Jackson Jr.,2025-26,2221677.0
4431684,Trayce Jackson-Davis,2023-24,1119563.0
4431684,Trayce Jackson-Davis,2024-25,1891857.0
4431684,Trayce Jackson-Davis,2025-26,2221677.0
4067017,A.J. Lawson,2023-24,1000000.0
4067017,A.J. Lawson,2024-25,2120693.0
4067017,A.J. Lawson,2025-26,2270735.0
6450,Kawhi Leonard,2022-23,42492492.0
6450,Kawhi Leonard,2023-24,45640084.0
6450,Kawhi Leonard,2024-25,49350000.0
6450,Kawhi Leonard,2025-26,50000000.0
5093267,Collin Murray-Boyles,2025-26,6332520.0
3134908,Jakob Poeltl,2022-23,9398148.0
3134908,Jakob Poeltl,2023-24,19500000.0
3134908,Jakob Poeltl,2024-25,19500000.0
3134908,Jakob Poeltl,2025-26,19500000.0
4395724,Immanuel Quickley,2022-23,2316240.0
4395724,Immanuel Quickley,2023-24,4171548.0
4395724,Immanuel Quickley,2024-25,32500000.0
4395724,Immanuel Quickley,2025-26,32500000.0
4432241,Jamal Shead,2024-25,1862265.0
4432241,Jamal Shead,2025-26,1955377.0
4684272,Ja'Kobe Walter,2024-25,3565000.0
4684272,Ja'Kobe Walter,2025-26,3638160.0
4873138,Ace Bailey,2025-26,9069840.0
4277919,Mo Bamba,2022-23,10300000.0
4277919,Mo Bamba,2023-24,2019706.0
4277919,Mo Bamba,2024-25,2087519.0
4683766,Isaiah Collier,2024-25,2520120.0
4683766,Isaiah Collier,2025-26,2638200.0
4684793,Kyle Filipowski,2024-25,3000000.0
4684793,Kyle Filipowski,2025-26,3000000.0
4433627,Keyonte George,2023-24,3889800.0
4433627,Keyonte George,2024-25,4084200.0
4433627,Keyonte George,2025-26,4278960.0
4432811,Josh Green,2022-23,3098400.0
4432811,Josh Green,2023-24,4765339.0
4432811,Josh Green,2024-25,12654321.0
4432811,Josh Green,2025-26,13666667.0
4397077,Jaxson Hayes,2022-23,6803012.0
4397077,Jaxson Hayes,2023-24,2165000.0
4397077,Jaxson Hayes,2024-25,2463946.0
4397077,Jaxson Hayes,2025-26,3449324.0
4277961,Jaren Jackson Jr.,2022-23,28946605.0
4277961,Jaren Jackson Jr.,2023-24,27102202.0
4277961,Jaren Jackson Jr.,2024-25,25257798.0
4277961,Jaren Jackson Jr.,2025-26,35000000.0
4066336,Lauri Markkanen,2022-23,16475454.0
4066336,Lauri Markkanen,2023-24,17259999.0
4066336,Lauri Markkanen,2024-25,42176400.0
4066336,Lauri Markkanen,2025-26,46394100.0
3133602,Svi Mykhailiuk,2022-23,1836090.0
3133602,Svi Mykhailiuk,2023-24,2019706.0
3133602,Svi Mykhailiuk,2024-25,3500000.0
3133602,Svi Mykhailiuk,2025-26,3675000.0
3102530,Jusuf Nurkic,2022-23,15625000.0
3102530,Jusuf Nurkic,2023-24,16875000.0
3102530,Jusuf Nurkic,2024-25,18125000.0
3102530,Jusuf Nurkic,2025-26,19375000.0
4065663,Josh Okogie,2022-23,1836090.0
4065663,Josh Okogie,2023-24,2815937.0
4065663,Josh Okogie,2024-25,8250000.0
4065663,Josh Okogie,2025-26,7750000.0
5105839,Brice Sensabaugh,2023-24,2448600.0
5105839,Brice Sensabaugh,2024-25,2571480.0
5105839,Brice Sensabaugh,2025-26,2693760.0
4278129,Deandre Ayton,2022-23,30913750.0
4278129,Deandre Ayton,2023-24,32459438.0
4278129,Deandre Ayton,2024-25,34005126.0
4278129,Deandre Ayton,2025-26,8104000.0
4845374,Bub Carrington,2024-25,4454880.0
4845374,Bub Carrington,2025-26,4677600.0
4432907,Justin Champagnie,2022-23,28241.0
4432907,Justin Champagnie,2024-25,1800000.0
4432907,Justin Champagnie,2025-26,2349578.0
5104155,Bilal Coulibaly,2023-24,6614280.0
5104155,Bilal Coulibaly,2024-25,6945240.0
5104155,Bilal Coulibaly,2025-26,7275600.0
6583,Anthony Davis,2022-23,37980720.0
6583,Anthony Davis,2023-24,40600080.0
6583,Anthony Davis,2024-25,43219440.0
6583,Anthony Davis,2025-26,54126450.0
5174563,Kyshawn George,2024-25,2825520.0
5174563,Kyshawn George,2025-26,2966760.0
2581184,Anthony Gill,2022-23,1836090.0
2581184,Anthony Gill,2023-24,1997239.0
2581184,Anthony Gill,2024-25,2237691.0
2581184,Anthony Gill,2025-26,2546675.0
3947736,Caleb Homesley,2022-23,1517981.0
5238230,Tre Johnson,2025-26,8237640.0
4432819,Tre Mann,2022-23,3046200.0
4432819,Tre Mann,2023-24,3191280.0
4432819,Tre Mann,2024-25,4908189.0
4432819,Tre Mann,2025-26,8000000.0
6609,Khris Middleton,2022-23,37948276.0
6609,Khris Middleton,2023-24,29320988.0
6609,Khris Middleton,2024-25,31666676.0
6609,Khris Middleton,2025-26,33926296.0
5144126,Will Riley,2025-26,3512520.0
5160992,Alex Sarr,2024-25,11245680.0
5160992,Alex Sarr,2025-26,11808240.0
4997537,Tristan Vukcevic,2024-25,2424892.0
4997537,Tristan Vukcevic,2025-26,2857143.0
4606840,Jamir Watkins,2025-26,1131970.0
4277905,Trae Young,2022-23,37095000.0
4277905,Trae Young,2023-24,40064220.0
4277905,Trae Young,2024-25,43031940.0
4277905,Trae Young,2025-26,46394100.0
