espn_id,name,full_name,jersey,position,position_name,height,weight,age,team_name,team_abbr,headshot_url,experience_years,salary,years_remaining,draft_year,draft_round,draft_selection
4278039,Nickeil Alexander-Walker,Nickeil Alexander-Walker,7,G,Guard,"6' 5""",205 lbs,28.0,Atlanta Hawks,ATL,https://a.espncdn.com/i/headshots/nba/players/full/4278039.png,7.0,14403710.0,3.0,2019.0,1.0,17.0
4431691,Will Baker,Will Baker,9,C,Center,"7' 0""",245 lbs,25.0,Atlanta Hawks,ATL,,0.0,,,,,
4869342,Dyson Daniels,Dyson Daniels,5,G,Guard,"6' 7""",199 lbs,23.0,Atlanta Hawks,ATL,https://a.espncdn.com/i/headshots/nba/players/full/4869342.png,4.0,25000000.0,4.0,2022.0,1.0,8.0
4431941,RayJ Dennis,RayJ Dennis,10,G,Guard,"6' 2""",180 lbs,25.0,Atlanta Hawks,ATL,https://a.espncdn.com/i/headshots/nba/players/full/4431941.png,2.0,,,,,
4397020,Luguentz Dort,Luguentz Dort,0,G,Guard,"6' 4""",220 lbs,27.0,Atlanta Hawks,ATL,https://a.espncdn.com/i/headshots/nba/players/full/4397020.png,7.0,18222222.0,1.0,,,
5106262,Zuby Ejiofor,Zuby Ejiofor,20,F,Forward,"6' 8""",245 lbs,22.0,Atlanta Hawks,ATL,https://a.espncdn.com/i/headshots/nba/players/full/5106262.png,0.0,,,2026.0,1.0,23.0
5149077,Kingston Flemings,Kingston Flemings,4,G,Guard,"6' 3""",183 lbs,19.0,Atlanta Hawks,ATL,https://a.espncdn.com/i/headshots/nba/players/full/5149077.png,0.0,,,2026.0,1.0,8.0
4585618,Keshon Gilbert,Keshon Gilbert,51,G,Guard,"6' 4""",200 lbs,23.0,Atlanta Hawks,ATL,https://a.espncdn.com/i/headshots/nba/players/full/4585618.png,1.0,,,,,
4712863,Mouhamed Gueye,Mouhamed Gueye,18,F,Forward,"6' 11""",210 lbs,23.0,Atlanta Hawks,ATL,https://a.espncdn.com/i/headshots/nba/players/full/4712863.png,3.0,2406205.0,1.0,2023.0,2.0,39.0
2990984,Buddy Hield,Buddy Hield,8,G,Guard,"6' 4""",220 lbs,33.0,Atlanta Hawks,ATL,https://a.espncdn.com/i/headshots/nba/players/full/2990984.png,10.0,9658536.0,2.0,2016.0,1.0,6.0
4701230,Jalen Johnson,Jalen Johnson,1,F,Forward,"6' 8""",219 lbs,24.0,Atlanta Hawks,ATL,https://a.espncdn.com/i/headshots/nba/players/full/4701230.png,5.0,30000000.0,4.0,2021.0,1.0,20.0
4280151,Corey Kispert,Corey Kispert,24,F,Forward,"6' 6""",224 lbs,27.0,Atlanta Hawks,ATL,https://a.espncdn.com/i/headshots/nba/players/full/4280151.png,5.0,13975000.0,3.0,2021.0,1.0,15.0
3146557,Jock Landale,Jock Landale,31,C,Center,"6' 11""",255 lbs,30.0,Atlanta Hawks,ATL,https://a.espncdn.com/i/headshots/nba/players/full/3146557.png,5.0,,,,,
2490149,CJ McCollum,CJ McCollum,3,G,Guard,"6' 3""",190 lbs,34.0,Atlanta Hawks,ATL,https://a.espncdn.com/i/headshots/nba/players/full/2490149.png,13.0,21000000.0,1.0,2013.0,1.0,10.0
4433629,Ryan Nembhard,Ryan Nembhard,19,G,Guard,"5' 11""",180 lbs,23.0,Atlanta Hawks,ATL,https://a.espncdn.com/i/headshots/nba/players/full/4433629.png,1.0,,,,,
4873201,Asa Newell,Asa Newell,14,F,Forward,"6' 11""",224 lbs,20.0,Atlanta Hawks,ATL,https://a.espncdn.com/i/headshots/nba/players/full/4873201.png,1.0,3399480.0,3.0,2025.0,1.0,23.0
4431680,Onyeka Okongwu,Onyeka Okongwu,17,F,Forward,"6' 10""",240 lbs,25.0,Atlanta Hawks,ATL,https://a.espncdn.com/i/headshots/nba/players/full/4431680.png,6.0,16120000.0,2.0,2020.0,1.0,6.0
5105571,Henri Veesaar,Henri Veesaar,13,C,Center,"7' 0""",227 lbs,22.0,Atlanta Hawks,ATL,https://a.espncdn.com/i/headshots/nba/players/full/5105571.png,0.0,,,2026.0,2.0,52.0
4397183,Aaron Wiggins,Aaron Wiggins,2,G,Guard,"6' 5""",190 lbs,27.0,Atlanta Hawks,ATL,https://a.espncdn.com/i/headshots/nba/players/full/4397183.png,5.0,9224300.0,3.0,2021.0,2.0,55.0
4431714,Jalen Wilson,Jalen Wilson,12,F,Forward,"6' 6""",220 lbs,25.0,Atlanta Hawks,ATL,https://a.espncdn.com/i/headshots/nba/players/full/4431714.png,3.0,,,2023.0,2.0,51.0
5142621,Chris Cenac Jr.,Chris Cenac Jr.,12,F,Forward,"6' 11""",240 lbs,19.0,Boston Celtics,BOS,https://a.espncdn.com/i/headshots/nba/players/full/5142621.png,0.0,,,2026.0,1.0,27.0
3195,Mike Conley,Mike Conley,45,G,Guard,"6' 1""",175 lbs,38.0,Boston Celtics,BOS,https://a.espncdn.com/i/headshots/nba/players/full/3195.png,19.0,,,2007.0,1.0,4.0
4277951,Luka Garza,Luka Garza,52,C,Center,"6' 10""",243 lbs,27.0,Boston Celtics,BOS,https://a.espncdn.com/i/headshots/nba/players/full/4277951.png,5.0,2801346.0,1.0,2021.0,2.0,52.0
4251,Paul George,Paul George,13,F,Forward,"6' 8""",220 lbs,36.0,Boston Celtics,BOS,https://a.espncdn.com/i/headshots/nba/players/full/4251.png,16.0,54126380.0,2.0,2010.0,1.0,10.0
5175647,Hugo Gonzalez,Hugo Gonzalez,28,G,Guard,"6' 6""",205 lbs,20.0,Boston Celtics,BOS,https://a.espncdn.com/i/headshots/nba/players/full/5175647.png,1.0,2923560.0,3.0,2025.0,1.0,28.0
4397251,Ron Harper Jr.,Ron Harper Jr.,8,G,Guard,"6' 5""",233 lbs,26.0,Boston Celtics,BOS,https://a.espncdn.com/i/headshots/nba/players/full/4397251.png,4.0,2538126.0,3.0,,,
4065804,Sam Hauser,Sam Hauser,30,F,Forward,"6' 7""",217 lbs,28.0,Boston Celtics,BOS,https://a.espncdn.com/i/headshots/nba/players/full/4065804.png,5.0,10848241.0,3.0,,,
5106283,Dillon Mitchell,Dillon Mitchell,,F,Forward,"6' 8""",210 lbs,22.0,Boston Celtics,BOS,https://a.espncdn.com/i/headshots/nba/players/full/5106283.png,0.0,,,2026.0,2.0,40.0
4066354,Payton Pritchard,Payton Pritchard,11,G,Guard,"6' 1""",195 lbs,28.0,Boston Celtics,BOS,https://a.espncdn.com/i/headshots/nba/players/full/4066354.png,6.0,7767857.0,2.0,2020.0,1.0,26.0
4397424,Neemias Queta,Neemias Queta,88,C,Center,"7' 0""",248 lbs,27.0,Boston Celtics,BOS,https://a.espncdn.com/i/headshots/nba/players/full/4397424.png,5.0,2667944.0,1.0,2021.0,2.0,39.0
4351852,Mitchell Robinson,Mitchell Robinson,4,C,Center,"7' 0""",240 lbs,28.0,Boston Celtics,BOS,https://a.espncdn.com/i/headshots/nba/players/full/4351852.png,8.0,,,2018.0,2.0,36.0
4593841,Baylor Scheierman,Baylor Scheierman,55,G,Guard,"6' 6""",205 lbs,25.0,Boston Celtics,BOS,https://a.espncdn.com/i/headshots/nba/players/full/4593841.png,2.0,2744040.0,2.0,2024.0,1.0,30.0
4065648,Jayson Tatum,Jayson Tatum,0,F,Forward,"6' 8""",210 lbs,28.0,Boston Celtics,BOS,https://a.espncdn.com/i/headshots/nba/players/full/4065648.png,9.0,58456566.0,4.0,2017.0,1.0,3.0
4683689,Jordan Walsh,Jordan Walsh,27,G,Guard,"6' 6""",205 lbs,22.0,Boston Celtics,BOS,https://a.espncdn.com/i/headshots/nba/players/full/4683689.png,3.0,2406205.0,1.0,2023.0,2.0,38.0
3078576,Derrick White,Derrick White,9,G,Guard,"6' 4""",190 lbs,32.0,Boston Celtics,BOS,https://a.espncdn.com/i/headshots/nba/players/full/3078576.png,9.0,30348001.0,3.0,2017.0,1.0,29.0
4702745,Amari Williams,Amari Williams,77,F,Forward,"7' 0""",262 lbs,24.0,Boston Celtics,BOS,https://a.espncdn.com/i/headshots/nba/players/full/4702745.png,1.0,,,2025.0,2.0,46.0
5105626,Tyler Bilodeau,Tyler Bilodeau,34,F,Forward,"6' 8""",228 lbs,22.0,Brooklyn Nets,BKN,https://a.espncdn.com/i/headshots/nba/players/full/5105626.png,0.0,,,2026.0,2.0,43.0
4066450,Armoni Brooks,Armoni Brooks,13,G,Guard,"6' 3""",195 lbs,28.0,Brooklyn Nets,BKN,https://a.espncdn.com/i/headshots/nba/players/full/4066450.png,2.0,,,,,
5101761,Mikel Brown Jr.,Mikel Brown Jr.,0,G,Guard,"6' 5""",180 lbs,20.0,Brooklyn Nets,BKN,https://a.espncdn.com/i/headshots/nba/players/full/5101761.png,0.0,,,2026.0,1.0,6.0
4712896,Noah Clowney,Noah Clowney,21,F,Forward,"6' 10""",210 lbs,22.0,Brooklyn Nets,BKN,https://a.espncdn.com/i/headshots/nba/players/full/4712896.png,3.0,5414034.0,1.0,2023.0,1.0,21.0
5175643,Egor Demin,Egor Demin,8,G,Guard,"6' 8""",200 lbs,20.0,Brooklyn Nets,BKN,https://a.espncdn.com/i/headshots/nba/players/full/5175643.png,1.0,7233720.0,3.0,2025.0,1.0,8.0
4702177,Keon Ellis,Keon Ellis,,G,Guard,"6' 4""",175 lbs,26.0,Brooklyn Nets,BKN,https://a.espncdn.com/i/headshots/nba/players/full/4702177.png,4.0,,,,,
4432887,Tyson Etienne,Tyson Etienne,10,G,Guard,"6' 0""",200 lbs,26.0,Brooklyn Nets,BKN,https://a.espncdn.com/i/headshots/nba/players/full/4432887.png,2.0,,,,,
4870564,Joshua Jefferson,Joshua Jefferson,,F,Forward,"6' 8""",246 lbs,22.0,Brooklyn Nets,BKN,https://a.espncdn.com/i/headshots/nba/players/full/4870564.png,0.0,,,2026.0,1.0,28.0
5174655,Chaney Johnson,Chaney Johnson,31,F,Forward,"6' 8""",225 lbs,24.0,Brooklyn Nets,BKN,https://a.espncdn.com/i/headshots/nba/players/full/5174655.png,1.0,,,,,
4432821,E.J. Liddell,E.J. Liddell,9,F,Forward,"6' 6""",240 lbs,25.0,Brooklyn Nets,BKN,https://a.espncdn.com/i/headshots/nba/players/full/4432821.png,3.0,,,2022.0,2.0,41.0
3907823,Terance Mann,Terance Mann,14,G,Guard,"6' 6""",215 lbs,29.0,Brooklyn Nets,BKN,https://a.espncdn.com/i/headshots/nba/players/full/3907823.png,7.0,15500000.0,2.0,2019.0,2.0,48.0
4687718,Josh Minott,Josh Minott,00,F,Forward,"6' 8""",205 lbs,23.0,Brooklyn Nets,BKN,https://a.espncdn.com/i/headshots/nba/players/full/4687718.png,4.0,2584539.0,1.0,2022.0,2.0,45.0
4278104,Michael Porter Jr.,Michael Porter Jr.,17,F,Forward,"6' 10""",218 lbs,28.0,Brooklyn Nets,BKN,https://a.espncdn.com/i/headshots/nba/players/full/4278104.png,7.0,40906150.0,1.0,2018.0,1.0,14.0
5037873,Drake Powell,Drake Powell,4,G,Guard,"6' 5""",195 lbs,21.0,Brooklyn Nets,BKN,https://a.espncdn.com/i/headshots/nba/players/full/5037873.png,1.0,3540600.0,3.0,2025.0,1.0,22.0
3064514,Julius Randle,Julius Randle,30,F,Forward,"6' 9""",250 lbs,31.0,Brooklyn Nets,BKN,https://a.espncdn.com/i/headshots/nba/players/full/3064514.png,12.0,33333333.0,2.0,2014.0,1.0,7.0
5242502,Ben Saraf,Ben Saraf,77,G,Guard,"6' 6""",200 lbs,20.0,Brooklyn Nets,BKN,https://a.espncdn.com/i/headshots/nba/players/full/5242502.png,1.0,3028560.0,3.0,2025.0,1.0,26.0
4432194,Day'Ron Sharpe,Day'Ron Sharpe,20,C,Center,"6' 10""",265 lbs,24.0,Brooklyn Nets,BKN,https://a.espncdn.com/i/headshots/nba/players/full/4432194.png,5.0,6250000.0,1.0,2021.0,1.0,29.0
5279130,Nolan Traore,Nolan Traore,13,G,Guard,"6' 3""",185 lbs,20.0,Brooklyn Nets,BKN,https://a.espncdn.com/i/headshots/nba/players/full/5279130.png,1.0,4002000.0,3.0,2025.0,1.0,19.0
3150844,Moritz Wagner,Moritz Wagner,,F,Forward,"6' 11""",245 lbs,29.0,Brooklyn Nets,BKN,https://a.espncdn.com/i/headshots/nba/players/full/3150844.png,8.0,,,2018.0,1.0,25.0
5107173,Danny Wolf,Danny Wolf,2,F,Forward,"6' 11""",250 lbs,22.0,Brooklyn Nets,BKN,https://a.espncdn.com/i/headshots/nba/players/full/5107173.png,1.0,2941440.0,3.0,2025.0,1.0,27.0
3135045,Grayson Allen,Grayson Allen,,G,Guard,"6' 3""",198 lbs,30.0,Charlotte Hornets,CHA,https://a.espncdn.com/i/headshots/nba/players/full/3135045.png,8.0,18125000.0,2.0,2018.0,1.0,21.0
5060701,Christian Anderson,Christian Anderson,,G,Guard,"6' 1""",180 lbs,20.0,Charlotte Hornets,CHA,https://a.espncdn.com/i/headshots/nba/players/full/5060701.png,0.0,,,2026.0,1.0,18.0
2578239,Pat Connaughton,Pat Connaughton,21,G,Guard,"6' 5""",209 lbs,33.0,Charlotte Hornets,CHA,https://a.espncdn.com/i/headshots/nba/players/full/2578239.png,11.0,3815861.0,1.0,2015.0,2.0,41.0
4433249,Moussa Diabate,Moussa Diabate,14,F,Forward,"6' 10""",210 lbs,24.0,Charlotte Hornets,CHA,https://a.espncdn.com/i/headshots/nba/players/full/4433249.png,4.0,2461462.0,1.0,2022.0,2.0,43.0
2578185,Dorian Finney-Smith,Dorian Finney-Smith,,F,Forward,"6' 7""",220 lbs,33.0,Charlotte Hornets,CHA,https://a.espncdn.com/i/headshots/nba/players/full/2578185.png,10.0,13335000.0,3.0,,,
4701225,PJ Hall,PJ Hall,16,C,Center,"6' 8""",245 lbs,24.0,Charlotte Hornets,CHA,https://a.espncdn.com/i/headshots/nba/players/full/4701225.png,2.0,0.0,1.0,,,
4602025,Sion James,Sion James,4,G,Guard,"6' 5""",220 lbs,23.0,Charlotte Hornets,CHA,https://a.espncdn.com/i/headshots/nba/players/full/4602025.png,1.0,2411090.0,3.0,2025.0,2.0,33.0
4576060,Ryan Kalkbrenner,Ryan Kalkbrenner,11,C,Center,"7' 1""",256 lbs,24.0,Charlotte Hornets,CHA,https://a.espncdn.com/i/headshots/nba/players/full/4576060.png,1.0,2411090.0,3.0,2025.0,2.0,34.0
5061575,Kon Knueppel,Kon Knueppel,7,G,Guard,"6' 6""",215 lbs,21.0,Charlotte Hornets,CHA,https://a.espncdn.com/i/headshots/nba/players/full/5061575.png,1.0,10516560.0,3.0,2025.0,1.0,4.0
5239590,Liam McNeeley,Liam McNeeley,33,G,Guard,"6' 7""",210 lbs,20.0,Charlotte Hornets,CHA,https://a.espncdn.com/i/headshots/nba/players/full/5239590.png,1.0,2902080.0,3.0,2025.0,1.0,29.0
4433287,Brandon Miller,Brandon Miller,24,F,Forward,"6' 7""",200 lbs,23.0,Charlotte Hornets,CHA,https://a.espncdn.com/i/headshots/nba/players/full/4433287.png,3.0,15104625.0,1.0,2023.0,1.0,2.0
2583632,Royce O'Neale,Royce O'Neale,,F,Forward,"6' 6""",226 lbs,33.0,Charlotte Hornets,CHA,https://a.espncdn.com/i/headshots/nba/players/full/2583632.png,9.0,11375000.0,2.0,,,
4396971,Naz Reid,Naz Reid,,C,Center,"6' 9""",264 lbs,27.0,Charlotte Hornets,CHA,https://a.espncdn.com/i/headshots/nba/players/full/4396971.png,7.0,23275862.0,4.0,,,
5211176,Tidjane Salaun,Tidjane Salaun,31,F,Forward,"6' 10""",207 lbs,21.0,Charlotte Hornets,CHA,https://a.espncdn.com/i/headshots/nba/players/full/5211176.png,2.0,8237880.0,2.0,2024.0,1.0,6.0
3032979,Dennis Schroder,Dennis Schroder,,G,Guard,"6' 1""",175 lbs,33.0,Charlotte Hornets,CHA,https://a.espncdn.com/i/headshots/nba/players/full/3032979.png,14.0,14809200.0,1.0,2013.0,1.0,17.0
5281370,Hannes Steinbach,Hannes Steinbach,,F,Forward,"6' 10""",248 lbs,20.0,Charlotte Hornets,CHA,https://a.espncdn.com/i/headshots/nba/players/full/5281370.png,0.0,,,2026.0,1.0,14.0
4395651,Coby White,Coby White,3,G,Guard,"6' 4""",195 lbs,26.0,Charlotte Hornets,CHA,https://a.espncdn.com/i/headshots/nba/players/full/4395651.png,7.0,,,2019.0,1.0,7.0
4066218,Grant Williams,Grant Williams,2,F,Forward,"6' 7""",236 lbs,27.0,Charlotte Hornets,CHA,https://a.espncdn.com/i/headshots/nba/players/full/4066218.png,7.0,14265750.0,1.0,2019.0,1.0,22.0
5105555,Tobe Awaka,Tobe Awaka,,F,Forward,"6' 8""",255 lbs,22.0,Chicago Bulls,CHI,,0.0,,,,,
4711294,Matas Buzelis,Matas Buzelis,14,F,Forward,"6' 8""",209 lbs,21.0,Chicago Bulls,CHI,https://a.espncdn.com/i/headshots/nba/players/full/4711294.png,2.0,5715360.0,3.0,2024.0,1.0,11.0
4278067,Nic Claxton,Nic Claxton,,C,Center,"6' 11""",215 lbs,27.0,Chicago Bulls,CHI,https://a.espncdn.com/i/headshots/nba/players/full/4278067.png,7.0,23147727.0,2.0,2019.0,2.0,31.0
4066650,Zach Collins,Zach Collins,12,F,Forward,"6' 9""",250 lbs,28.0,Chicago Bulls,CHI,https://a.espncdn.com/i/headshots/nba/players/full/4066650.png,9.0,,,2017.0,1.0,10.0
4684275,Rob Dillingham,Rob Dillingham,7,G,Guard,"6' 2""",175 lbs,21.0,Chicago Bulls,CHI,https://a.espncdn.com/i/headshots/nba/players/full/4684275.png,2.0,6889320.0,2.0,2024.0,1.0,8.0
5242496,Noa Essengue,Noa Essengue,24,F,Forward,"6' 11""",206 lbs,19.0,Chicago Bulls,CHI,https://a.espncdn.com/i/headshots/nba/players/full/5242496.png,1.0,5701200.0,3.0,2025.0,1.0,12.0
4871145,Josh Giddey,Josh Giddey,3,G,Guard,"6' 7""",216 lbs,23.0,Chicago Bulls,CHI,https://a.espncdn.com/i/headshots/nba/players/full/4871145.png,5.0,25000000.0,3.0,2021.0,1.0,6.0
4395626,Tre Jones,Tre Jones,30,G,Guard,"6' 1""",185 lbs,26.0,Chicago Bulls,CHI,https://a.espncdn.com/i/headshots/nba/players/full/4395626.png,6.0,8000000.0,2.0,2020.0,2.0,41.0
4397071,Mac McClung,Mac McClung,5,G,Guard,"6' 2""",185 lbs,27.0,Chicago Bulls,CHI,https://a.espncdn.com/i/headshots/nba/players/full/4397071.png,4.0,,,,,
5044385,Leonard Miller,Leonard Miller,11,F,Forward,"6' 10""",220 lbs,22.0,Chicago Bulls,CHI,https://a.espncdn.com/i/headshots/nba/players/full/5044385.png,3.0,2406205.0,1.0,2023.0,2.0,33.0
4432822,Isaac Okoro,Isaac Okoro,35,F,Forward,"6' 4""",225 lbs,25.0,Chicago Bulls,CHI,https://a.espncdn.com/i/headshots/nba/players/full/4432822.png,6.0,11814815.0,1.0,2020.0,1.0,5.0
2595516,Norman Powell,Norman Powell,,G,Guard,"6' 4""",215 lbs,33.0,Chicago Bulls,CHI,https://a.espncdn.com/i/headshots/nba/players/full/2595516.png,11.0,,,2015.0,2.0,46.0
4397189,Jalen Smith,Jalen Smith,25,F,Forward,"6' 8""",215 lbs,26.0,Chicago Bulls,CHI,https://a.espncdn.com/i/headshots/nba/players/full/4397189.png,6.0,9428571.0,1.0,2020.0,1.0,10.0
4848625,Dailyn Swain,Dailyn Swain,5,G,Guard,"6' 7""",211 lbs,21.0,Chicago Bulls,CHI,https://a.espncdn.com/i/headshots/nba/players/full/4848625.png,0.0,,,2026.0,1.0,15.0
4431687,Patrick Williams,Patrick Williams,44,F,Forward,"6' 6""",215 lbs,25.0,Chicago Bulls,CHI,https://a.espncdn.com/i/headshots/nba/players/full/4431687.png,6.0,18000000.0,3.0,2020.0,1.0,4.0
5095151,Caleb Wilson,Caleb Wilson,8,F,Forward,"6' 9""",211 lbs,20.0,Chicago Bulls,CHI,https://a.espncdn.com/i/headshots/nba/players/full/5095151.png,0.0,,,2026.0,1.0,4.0
4017844,Guerschon Yabusele,Guerschon Yabusele,28,F,Forward,"6' 7""",265 lbs,30.0,Chicago Bulls,CHI,https://a.espncdn.com/i/headshots/nba/players/full/4017844.png,4.0,,,2016.0,1.0,16.0
4066328,Jarrett Allen,Jarrett Allen,31,C,Center,"6' 9""",243 lbs,28.0,Cleveland Cavaliers,CLE,https://a.espncdn.com/i/headshots/nba/players/full/4066328.png,9.0,28000000.0,3.0,2017.0,1.0,22.0
3934723,Thomas Bryant,Thomas Bryant,3,C,Center,"6' 9""",248 lbs,29.0,Cleveland Cavaliers,CLE,https://a.espncdn.com/i/headshots/nba/players/full/3934723.png,9.0,,,2017.0,2.0,42.0
4997530,Khalifa Diop,Khalifa Diop,18,C,Center,"6' 11""",231 lbs,24.0,Cleveland Cavaliers,CLE,,0.0,,,2022.0,2.0,39.0
4431734,Tristan Enaruna,Tristan Enaruna,21,F,Forward,"6' 8""",220 lbs,25.0,Cleveland Cavaliers,CLE,https://a.espncdn.com/i/headshots/nba/players/full/4431734.png,1.0,0.0,1.0,,,
3992,James Harden,James Harden,1,G,Guard,"6' 5""",220 lbs,37.0,Cleveland Cavaliers,CLE,https://a.espncdn.com/i/headshots/nba/players/full/3992.png,17.0,42317308.0,1.0,2009.0,1.0,3.0
2995706,Mario Hezonja,Mario Hezonja,33,F,Forward,"6' 8""",220 lbs,31.0,Cleveland Cavaliers,CLE,https://a.espncdn.com/i/headshots/nba/players/full/2995706.png,6.0,,,2015.0,1.0,5.0
4066757,Sam Merrill,Sam Merrill,5,G,Guard,"6' 4""",205 lbs,30.0,Cleveland Cavaliers,CLE,https://a.espncdn.com/i/headshots/nba/players/full/4066757.png,6.0,9160714.0,3.0,2020.0,2.0,60.0
5177362,Riley Minix,Riley Minix,12,F,Forward,"6' 7""",230 lbs,25.0,Cleveland Cavaliers,CLE,https://a.espncdn.com/i/headshots/nba/players/full/5177362.png,2.0,,,,,
3908809,Donovan Mitchell,Donovan Mitchell,45,G,Guard,"6' 2""",215 lbs,30.0,Cleveland Cavaliers,CLE,https://a.espncdn.com/i/headshots/nba/players/full/3908809.png,9.0,50105628.0,2.0,2017.0,1.0,13.0
4432158,Evan Mobley,Evan Mobley,4,C,Center,"6' 11""",215 lbs,25.0,Cleveland Cavaliers,CLE,https://a.espncdn.com/i/headshots/nba/players/full/4432158.png,5.0,50105628.0,4.0,2021.0,1.0,3.0
4701233,Craig Porter Jr.,Craig Porter Jr.,9,G,Guard,"6' 1""",180 lbs,26.0,Cleveland Cavaliers,CLE,https://a.espncdn.com/i/headshots/nba/players/full/4701233.png,3.0,2406205.0,1.0,,,
5023693,Tyrese Proctor,Tyrese Proctor,24,G,Guard,"6' 4""",185 lbs,22.0,Cleveland Cavaliers,CLE,https://a.espncdn.com/i/headshots/nba/players/full/5023693.png,1.0,2150917.0,3.0,2025.0,2.0,49.0
4278046,Olivier Sarr,Olivier Sarr,33,F,Forward,"6' 10""",240 lbs,27.0,Cleveland Cavaliers,CLE,https://a.espncdn.com/i/headshots/nba/players/full/4278046.png,4.0,,,,,
5041951,Meleek Thomas,Meleek Thomas,,G,Guard,"6' 3""",190 lbs,20.0,Cleveland Cavaliers,CLE,https://a.espncdn.com/i/headshots/nba/players/full/5041951.png,0.0,,,2026.0,2.0,34.0
5106268,Nae'Qwan Tomlin,Nae'Qwan Tomlin,35,F,Forward,"6' 8""",210 lbs,25.0,Cleveland Cavaliers,CLE,https://a.espncdn.com/i/headshots/nba/players/full/5106268.png,2.0,2411090.0,1.0,,,
4683747,Jaylon Tyson,Jaylon Tyson,20,G,Guard,"6' 6""",215 lbs,23.0,Cleveland Cavaliers,CLE,https://a.espncdn.com/i/headshots/nba/players/full/4683747.png,2.0,3658560.0,2.0,2024.0,1.0,20.0
5106261,Ernest Udeh Jr.,Ernest Udeh Jr.,,C,Center,"6' 11""",266 lbs,22.0,Cleveland Cavaliers,CLE,,0.0,,,,,
4576087,Peyton Watson,Peyton Watson,,G,Guard,"6' 8""",200 lbs,24.0,Cleveland Cavaliers,CLE,https://a.espncdn.com/i/headshots/nba/players/full/4576087.png,5.0,,,2022.0,1.0,30.0
4593125,Santi Aldama,Santi Aldama,,F,Forward,"7' 0""",215 lbs,25.0,Dallas Mavericks,DAL,https://a.espncdn.com/i/headshots/nba/players/full/4593125.png,5.0,17007043.0,2.0,2021.0,1.0,30.0
5148538,Tarik Biberovic,Tarik Biberovic,,F,Forward,"6' 7""",218 lbs,25.0,Dallas Mavericks,DAL,https://a.espncdn.com/i/headshots/nba/players/full/5148538.png,0.0,,,2023.0,2.0,56.0
4432582,Max Christie,Max Christie,00,G,Guard,"6' 5""",190 lbs,23.0,Dallas Mavericks,DAL,https://a.espncdn.com/i/headshots/nba/players/full/4432582.png,4.0,8285714.0,2.0,2022.0,2.0,35.0
4701208,Moussa Cisse,Moussa Cisse,30,C,Center,"6' 11""",220 lbs,24.0,Dallas Mavericks,DAL,https://a.espncdn.com/i/headshots/nba/players/full/4701208.png,1.0,,,,,
5279129,Sergio de Larrea,Sergio de Larrea,55,F,Forward,"6' 7""",202 lbs,20.0,Dallas Mavericks,DAL,,0.0,,,2026.0,1.0,25.0
5041939,Cooper Flagg,Cooper Flagg,32,F,Forward,"6' 9""",205 lbs,19.0,Dallas Mavericks,DAL,https://a.espncdn.com/i/headshots/nba/players/full/5041939.png,1.0,14517480.0,3.0,2025.0,1.0,1.0
4278049,Daniel Gafford,Daniel Gafford,21,F,Forward,"6' 10""",265 lbs,27.0,Dallas Mavericks,DAL,https://a.espncdn.com/i/headshots/nba/players/full/4278049.png,7.0,17263584.0,3.0,2019.0,2.0,38.0
5105806,Jett Howard,Jett Howard,,G,Guard,"6' 8""",215 lbs,23.0,Dallas Mavericks,DAL,https://a.espncdn.com/i/headshots/nba/players/full/5105806.png,3.0,,,2023.0,1.0,11.0
6442,Kyrie Irving,Kyrie Irving,11,G,Guard,"6' 2""",195 lbs,34.0,Dallas Mavericks,DAL,https://a.espncdn.com/i/headshots/nba/players/full/6442.png,14.0,39416562.0,2.0,2011.0,1.0,1.0
5358755,Vsevolod Ishchenko,Vsevolod Ishchenko,,G,Guard,"6' 8""",218 lbs,21.0,Dallas Mavericks,DAL,,0.0,,,2026.0,2.0,56.0
4873153,Morez Johnson Jr.,Morez Johnson Jr.,14,F,Forward,"6' 9""",250 lbs,20.0,Dallas Mavericks,DAL,https://a.espncdn.com/i/headshots/nba/players/full/4873153.png,0.0,,,2026.0,1.0,9.0
5106040,Tobi Lawal,Tobi Lawal,,F,Forward,"6' 8""",215 lbs,23.0,Dallas Mavericks,DAL,https://a.espncdn.com/i/headshots/nba/players/full/5106040.png,0.0,,,2026.0,2.0,48.0
4683688,Dereck Lively II,Dereck Lively II,2,C,Center,"7' 1""",230 lbs,22.0,Dallas Mavericks,DAL,https://a.espncdn.com/i/headshots/nba/players/full/4683688.png,3.0,7239130.0,1.0,2023.0,1.0,12.0
4278594,Naji Marshall,Naji Marshall,3,F,Forward,"6' 6""",220 lbs,28.0,Dallas Mavericks,DAL,https://a.espncdn.com/i/headshots/nba/players/full/4278594.png,6.0,9428571.0,1.0,,,
3138160,Caleb Martin,Caleb Martin,16,F,Forward,"6' 5""",205 lbs,30.0,Dallas Mavericks,DAL,https://a.espncdn.com/i/headshots/nba/players/full/3138160.png,7.0,10001494.0,2.0,,,
4898238,John Poulakidas,John Poulakidas,1,G,Guard,"6' 6""",205 lbs,23.0,Dallas Mavericks,DAL,,1.0,0.0,1.0,,,
5211175,Zaccharie Risacher,Zaccharie Risacher,10,F,Forward,"6' 8""",200 lbs,21.0,Dallas Mavericks,DAL,https://a.espncdn.com/i/headshots/nba/players/full/5211175.png,2.0,13826040.0,2.0,2024.0,1.0,1.0
4432107,Marcus Sasser,Marcus Sasser,25,G,Guard,"6' 1""",195 lbs,25.0,Dallas Mavericks,DAL,https://a.espncdn.com/i/headshots/nba/players/full/4432107.png,3.0,5198983.0,1.0,2023.0,1.0,25.0
4278078,P.J. Washington,P.J. Washington,25,F,Forward,"6' 7""",230 lbs,28.0,Dallas Mavericks,DAL,https://a.espncdn.com/i/headshots/nba/players/full/4278078.png,7.0,19813044.0,4.0,2019.0,1.0,12.0
4277848,Marvin Bagley III,Marvin Bagley III,35,F,Forward,"6' 10""",235 lbs,27.0,Denver Nuggets,DEN,https://a.espncdn.com/i/headshots/nba/players/full/4277848.png,8.0,,,2018.0,1.0,2.0
4431767,Christian Braun,Christian Braun,0,G,Guard,"6' 6""",220 lbs,25.0,Denver Nuggets,DEN,https://a.espncdn.com/i/headshots/nba/players/full/4431767.png,4.0,21551774.0,4.0,2022.0,1.0,21.0
4698719,Trevon Brazile,Trevon Brazile,,F,Forward,"6' 10""",220 lbs,23.0,Denver Nuggets,DEN,https://a.espncdn.com/i/headshots/nba/players/full/4698719.png,0.0,,,2026.0,2.0,35.0
3978,DeMar DeRozan,DeMar DeRozan,,G,Guard,"6' 6""",220 lbs,37.0,Denver Nuggets,DEN,https://a.espncdn.com/i/headshots/nba/players/full/3978.png,16.0,25740000.0,1.0,2009.0,1.0,9.0
4065813,Alpha Diallo,Alpha Diallo,,F,Forward,"6' 7""",210 lbs,29.0,Denver Nuggets,DEN,,0.0,,,,,
3064290,Aaron Gordon,Aaron Gordon,32,F,Forward,"6' 8""",235 lbs,31.0,Denver Nuggets,DEN,https://a.espncdn.com/i/headshots/nba/players/full/3064290.png,12.0,33658037.0,3.0,2014.0,1.0,4.0
4433607,DaRon Holmes II,DaRon Holmes II,14,F,Forward,"6' 9""",225 lbs,24.0,Denver Nuggets,DEN,https://a.espncdn.com/i/headshots/nba/players/full/4433607.png,1.0,3372120.0,2.0,2024.0,1.0,22.0
4565698,Bryce Hopkins,Bryce Hopkins,,F,Forward,"6' 7""",220 lbs,24.0,Denver Nuggets,DEN,https://a.espncdn.com/i/headshots/nba/players/full/4565698.png,0.0,,,2026.0,2.0,49.0
3138196,Cameron Johnson,Cameron Johnson,23,F,Forward,"6' 8""",210 lbs,30.0,Denver Nuggets,DEN,https://a.espncdn.com/i/headshots/nba/players/full/3138196.png,7.0,23062500.0,1.0,2019.0,1.0,11.0
3112335,Nikola Jokic,Nikola Jokic,15,C,Center,"6' 11""",284 lbs,31.0,Denver Nuggets,DEN,https://a.espncdn.com/i/headshots/nba/players/full/3112335.png,11.0,59033114.0,2.0,2014.0,2.0,41.0
4592427,Spencer Jones,Spencer Jones,21,F,Forward,"6' 7""",225 lbs,25.0,Denver Nuggets,DEN,https://a.espncdn.com/i/headshots/nba/players/full/4592427.png,2.0,,,,,
3135046,Tyus Jones,Tyus Jones,5,G,Guard,"6' 0""",196 lbs,30.0,Denver Nuggets,DEN,https://a.espncdn.com/i/headshots/nba/players/full/3135046.png,11.0,,,2015.0,1.0,24.0
3936299,Jamal Murray,Jamal Murray,27,G,Guard,"6' 4""",215 lbs,29.0,Denver Nuggets,DEN,https://a.espncdn.com/i/headshots/nba/players/full/3936299.png,10.0,50105628.0,3.0,2016.0,1.0,7.0
4431690,Zeke Nnaji,Zeke Nnaji,22,F,Forward,"6' 10""",240 lbs,25.0,Denver Nuggets,DEN,https://a.espncdn.com/i/headshots/nba/players/full/4431690.png,6.0,7466667.0,2.0,2020.0,1.0,22.0
4593041,David Roddy,David Roddy,45,F,Forward,"6' 4""",255 lbs,25.0,Denver Nuggets,DEN,https://a.espncdn.com/i/headshots/nba/players/full/4593041.png,4.0,,,2022.0,1.0,23.0
4683834,KJ Simpson,KJ Simpson,25,G,Guard,"6' 1""",189 lbs,24.0,Denver Nuggets,DEN,https://a.espncdn.com/i/headshots/nba/players/full/4683834.png,2.0,0.0,1.0,2024.0,2.0,42.0
4432181,Julian Strawther,Julian Strawther,3,G,Guard,"6' 6""",205 lbs,24.0,Denver Nuggets,DEN,https://a.espncdn.com/i/headshots/nba/players/full/4432181.png,3.0,4826931.0,1.0,2023.0,1.0,29.0
4277890,Lonnie Walker IV,Lonnie Walker IV,,G,Guard,"6' 4""",205 lbs,27.0,Denver Nuggets,DEN,https://a.espncdn.com/i/headshots/nba/players/full/4277890.png,6.0,,,2018.0,1.0,18.0
3908845,John Collins,John Collins,,F,Forward,"6' 9""",226 lbs,28.0,Detroit Pistons,DET,https://a.espncdn.com/i/headshots/nba/players/full/3908845.png,9.0,,,2017.0,1.0,19.0
4432166,Cade Cunningham,Cade Cunningham,2,G,Guard,"6' 6""",220 lbs,24.0,Detroit Pistons,DET,https://a.espncdn.com/i/headshots/nba/players/full/4432166.png,5.0,50105628.0,4.0,2021.0,1.0,1.0
4433621,Jalen Duren,Jalen Duren,0,C,Center,"6' 10""",250 lbs,22.0,Detroit Pistons,DET,https://a.espncdn.com/i/headshots/nba/players/full/4433621.png,4.0,,,2022.0,1.0,13.0
2596112,Javonte Green,Javonte Green,31,G,Guard,"6' 5""",205 lbs,33.0,Detroit Pistons,DET,https://a.espncdn.com/i/headshots/nba/players/full/2596112.png,7.0,,,,,
4397449,Elijah Harkless,Elijah Harkless,,G,Guard,"6' 3""",195 lbs,26.0,Detroit Pistons,DET,https://a.espncdn.com/i/headshots/nba/players/full/4397449.png,2.0,,,,,
2999547,Gary Harris,Gary Harris,,G,Guard,"6' 4""",210 lbs,32.0,Detroit Pistons,DET,https://a.espncdn.com/i/headshots/nba/players/full/2999547.png,12.0,3815861.0,1.0,2014.0,1.0,19.0
4683771,Ronald Holland II,Ronald Holland II,5,F,Forward,"6' 8""",206 lbs,21.0,Detroit Pistons,DET,https://a.espncdn.com/i/headshots/nba/players/full/4683771.png,2.0,9069600.0,2.0,2024.0,1.0,5.0
4066372,Kevin Huerter,Kevin Huerter,27,G,Guard,"6' 6""",198 lbs,28.0,Detroit Pistons,DET,https://a.espncdn.com/i/headshots/nba/players/full/4066372.png,8.0,,,2018.0,1.0,19.0
5107199,Daniss Jenkins,Daniss Jenkins,24,G,Guard,"6' 4""",165 lbs,25.0,Detroit Pistons,DET,https://a.espncdn.com/i/headshots/nba/players/full/5107199.png,2.0,4000000.0,1.0,,,
4395702,Isaiah Joe,Isaiah Joe,,G,Guard,"6' 4""",165 lbs,27.0,Detroit Pistons,DET,https://a.espncdn.com/i/headshots/nba/players/full/4395702.png,6.0,11323006.0,2.0,2020.0,2.0,49.0
5107818,Isaac Jones,Isaac Jones,3,C,Center,"6' 8""",245 lbs,26.0,Detroit Pistons,DET,https://a.espncdn.com/i/headshots/nba/players/full/5107818.png,2.0,0.0,1.0,,,
4700852,Chaz Lanier,Chaz Lanier,20,G,Guard,"6' 3""",206 lbs,24.0,Detroit Pistons,DET,https://a.espncdn.com/i/headshots/nba/players/full/4700852.png,1.0,2150917.0,3.0,2025.0,2.0,37.0
4592187,Wendell Moore Jr.,Wendell Moore Jr.,14,F,Forward,"6' 5""",215 lbs,24.0,Detroit Pistons,DET,https://a.espncdn.com/i/headshots/nba/players/full/4592187.png,4.0,,,2022.0,1.0,26.0
5258459,Ebuka Okorie,Ebuka Okorie,,G,Guard,"6' 2""",186 lbs,19.0,Detroit Pistons,DET,https://a.espncdn.com/i/headshots/nba/players/full/5258459.png,0.0,,,2026.0,1.0,17.0
5037878,Ugonna Onyenso,Ugonna Onyenso,,C,Center,"7' 0""",236 lbs,21.0,Detroit Pistons,DET,https://a.espncdn.com/i/headshots/nba/players/full/5037878.png,0.0,,,2026.0,2.0,53.0
2990962,Taurean Prince,Taurean Prince,12,F,Forward,"6' 6""",218 lbs,32.0,Detroit Pistons,DET,https://a.espncdn.com/i/headshots/nba/players/full/2990962.png,10.0,3815861.0,1.0,2016.0,1.0,12.0
4278562,Paul Reed,Paul Reed,7,F,Forward,"6' 9""",210 lbs,27.0,Detroit Pistons,DET,https://a.espncdn.com/i/headshots/nba/players/full/4278562.png,6.0,5000000.0,1.0,2020.0,2.0,58.0
3157465,Duncan Robinson,Duncan Robinson,55,F,Forward,"6' 7""",215 lbs,32.0,Detroit Pistons,DET,https://a.espncdn.com/i/headshots/nba/players/full/3157465.png,8.0,15992957.0,2.0,,,
4397882,Tolu Smith,Tolu Smith,35,F,Forward,"6' 11""",250 lbs,26.0,Detroit Pistons,DET,https://a.espncdn.com/i/headshots/nba/players/full/4397882.png,2.0,2411090.0,1.0,,,
4684742,Ausar Thompson,Ausar Thompson,9,G,Guard,"6' 7""",205 lbs,23.0,Detroit Pistons,DET,https://a.espncdn.com/i/headshots/nba/players/full/4684742.png,3.0,11117925.0,1.0,2023.0,1.0,5.0
4397886,Charles Bassey,Charles Bassey,28,C,Center,"6' 10""",230 lbs,25.0,Golden State Warriors,GS,https://a.espncdn.com/i/headshots/nba/players/full/4397886.png,5.0,,,2021.0,2.0,53.0
6430,Jimmy Butler III,Jimmy Butler III,10,F,Forward,"6' 6""",230 lbs,37.0,Golden State Warriors,GS,https://a.espncdn.com/i/headshots/nba/players/full/6430.png,15.0,56832773.0,1.0,2011.0,1.0,30.0
4433149,LJ Cryer,LJ Cryer,18,G,Guard,"6' 0""",200 lbs,24.0,Golden State Warriors,GS,https://a.espncdn.com/i/headshots/nba/players/full/4433149.png,1.0,0.0,1.0,,,
3975,Stephen Curry,Stephen Curry,30,G,Guard,"6' 2""",185 lbs,38.0,Golden State Warriors,GS,https://a.espncdn.com/i/headshots/nba/players/full/3975.png,17.0,62587158.0,1.0,2009.0,1.0,7.0
6589,Draymond Green,Draymond Green,23,F,Forward,"6' 6""",230 lbs,36.0,Golden State Warriors,GS,https://a.espncdn.com/i/headshots/nba/players/full/6589.png,14.0,27678571.0,1.0,2012.0,2.0,35.0
3213,Al Horford,Al Horford,20,C,Center,"6' 8""",240 lbs,40.0,Golden State Warriors,GS,https://a.espncdn.com/i/headshots/nba/players/full/3213.png,19.0,5969250.0,1.0,2007.0,1.0,3.0
5108969,Lajae Jones,Lajae Jones,,G,Guard,"6' 7""",220 lbs,22.0,Golden State Warriors,GS,https://a.espncdn.com/i/headshots/nba/players/full/5108969.png,0.0,,,2026.0,2.0,54.0
5175737,Yaxel Lendeborg,Yaxel Lendeborg,,F,Forward,"6' 9""",241 lbs,23.0,Golden State Warriors,GS,https://a.espncdn.com/i/headshots/nba/players/full/5175737.png,0.0,,,2026.0,1.0,11.0
4897449,Malevy Leons,Malevy Leons,33,F,Forward,"6' 9""",203 lbs,26.0,Golden State Warriors,GS,https://a.espncdn.com/i/headshots/nba/players/full/4897449.png,2.0,0.0,1.0,,,
4066436,De'Anthony Melton,De'Anthony Melton,8,G,Guard,"6' 2""",200 lbs,28.0,Golden State Warriors,GS,https://a.espncdn.com/i/headshots/nba/players/full/4066436.png,8.0,,,2018.0,2.0,46.0
4432171,Moses Moody,Moses Moody,4,G,Guard,"6' 5""",211 lbs,24.0,Golden State Warriors,GS,https://a.espncdn.com/i/headshots/nba/players/full/4432171.png,5.0,12500000.0,2.0,2021.0,1.0,14.0
2990969,Georges Niang,Georges Niang,31,F,Forward,"6' 6""",230 lbs,33.0,Golden State Warriors,GS,https://a.espncdn.com/i/headshots/nba/players/full/2990969.png,9.0,,,2016.0,2.0,50.0
3134903,Gary Payton II,Gary Payton II,0,G,Guard,"6' 2""",195 lbs,33.0,Golden State Warriors,GS,https://a.espncdn.com/i/headshots/nba/players/full/3134903.png,10.0,,,,,
4709138,Brandin Podziemski,Brandin Podziemski,2,G,Guard,"6' 4""",205 lbs,23.0,Golden State Warriors,GS,https://a.espncdn.com/i/headshots/nba/players/full/4709138.png,3.0,5679458.0,1.0,2023.0,1.0,19.0
3102531,Kristaps Porzingis,Kristaps Porzingis,7,C,Center,"7' 2""",240 lbs,31.0,Golden State Warriors,GS,https://a.espncdn.com/i/headshots/nba/players/full/3102531.png,11.0,,,2015.0,1.0,4.0
4897262,Will Richard,Will Richard,3,G,Guard,"6' 3""",206 lbs,23.0,Golden State Warriors,GS,https://a.espncdn.com/i/headshots/nba/players/full/4897262.png,1.0,2150917.0,3.0,2025.0,2.0,56.0
4997536,Gui Santos,Gui Santos,15,F,Forward,"6' 7""",185 lbs,24.0,Golden State Warriors,GS,https://a.espncdn.com/i/headshots/nba/players/full/4997536.png,3.0,4629630.0,3.0,2022.0,2.0,55.0
52131,Brandon Williams,Brandon Williams,,G,Guard,"6' 6""",,,Golden State Warriors,GS,,,,,,,
4397821,Nate Williams,Nate Williams,19,G,Guard,"6' 5""",205 lbs,27.0,Golden State Warriors,GS,https://a.espncdn.com/i/headshots/nba/players/full/4397821.png,4.0,,,,,
2991235,Steven Adams,Steven Adams,12,C,Center,"6' 11""",265 lbs,33.0,Houston Rockets,HOU,https://a.espncdn.com/i/headshots/nba/players/full/2991235.png,13.0,13000000.0,2.0,2013.0,1.0,12.0
3037789,Bogdan Bogdanovic,Bogdan Bogdanovic,,G,Guard,"6' 5""",225 lbs,34.0,Houston Rockets,HOU,https://a.espncdn.com/i/headshots/nba/players/full/3037789.png,9.0,16020000.0,1.0,2014.0,1.0,27.0
3102529,Clint Capela,Clint Capela,30,C,Center,"6' 10""",256 lbs,32.0,Houston Rockets,HOU,https://a.espncdn.com/i/headshots/nba/players/full/3102529.png,12.0,7035000.0,2.0,2014.0,1.0,25.0
4684443,Rafael Castro,Rafael Castro,,C,Center,"6' 9""",224 lbs,23.0,Houston Rockets,HOU,,,,,,,
4683860,Quadir Copeland,Quadir Copeland,,G,Guard,"6' 6""",220 lbs,23.0,Houston Rockets,HOU,,0.0,,,,,
4592857,Isaiah Crawford,Isaiah Crawford,27,F,Forward,"6' 6""",220 lbs,24.0,Houston Rockets,HOU,https://a.espncdn.com/i/headshots/nba/players/full/4592857.png,2.0,,,,,
3202,Kevin Durant,Kevin Durant,7,F,Forward,"6' 11""",240 lbs,37.0,Houston Rockets,HOU,https://a.espncdn.com/i/headshots/nba/players/full/3202.png,19.0,43902439.0,2.0,2007.0,1.0,2.0
4433192,Tari Eason,Tari Eason,17,F,Forward,"6' 8""",215 lbs,25.0,Houston Rockets,HOU,https://a.espncdn.com/i/headshots/nba/players/full/4433192.png,4.0,,,2022.0,1.0,17.0
4709131,Sean Pedulla,Sean Pedulla,,G,Guard,"6' 1""",195 lbs,23.0,Houston Rockets,HOU,,1.0,0.0,1.0,,,
4871144,Alperen Sengun,Alperen Sengun,28,C,Center,"6' 11""",243 lbs,24.0,Houston Rockets,HOU,https://a.espncdn.com/i/headshots/nba/players/full/4871144.png,5.0,35642202.0,4.0,2021.0,1.0,16.0
4711272,Reed Sheppard,Reed Sheppard,15,G,Guard,"6' 2""",185 lbs,22.0,Houston Rockets,HOU,https://a.espncdn.com/i/headshots/nba/players/full/4711272.png,2.0,11108880.0,2.0,2024.0,1.0,3.0
2990992,Marcus Smart,Marcus Smart,,G,Guard,"6' 3""",220 lbs,32.0,Houston Rockets,HOU,https://a.espncdn.com/i/headshots/nba/players/full/2990992.png,12.0,5390700.0,1.0,2014.0,1.0,6.0
4432639,Jabari Smith Jr.,Jabari Smith Jr.,10,F,Forward,"6' 11""",220 lbs,23.0,Houston Rockets,HOU,https://a.espncdn.com/i/headshots/nba/players/full/4432639.png,4.0,23643411.0,5.0,2022.0,1.0,3.0
3136777,Jae'Sean Tate,Jae'Sean Tate,8,F,Forward,"6' 4""",230 lbs,30.0,Houston Rockets,HOU,https://a.espncdn.com/i/headshots/nba/players/full/3136777.png,6.0,,,,,
4684740,Amen Thompson,Amen Thompson,1,G,Guard,"6' 7""",200 lbs,23.0,Houston Rockets,HOU,https://a.espncdn.com/i/headshots/nba/players/full/4684740.png,3.0,12258609.0,1.0,2023.0,1.0,4.0
5105837,Bruce Thornton,Bruce Thornton,,G,Guard,"6' 0""",223 lbs,23.0,Houston Rockets,HOU,https://a.espncdn.com/i/headshots/nba/players/full/5105837.png,0.0,,,2026.0,2.0,31.0
2991230,Fred VanVleet,Fred VanVleet,5,G,Guard,"6' 0""",197 lbs,32.0,Houston Rockets,HOU,https://a.espncdn.com/i/headshots/nba/players/full/2991230.png,9.0,25000000.0,1.0,,,
4431752,Kobe Brown,Kobe Brown,24,G,Guard,"6' 7""",250 lbs,26.0,Indiana Pacers,IND,https://a.espncdn.com/i/headshots/nba/players/full/4431752.png,3.0,,,2023.0,1.0,30.0
5157066,Johnny Furphy,Johnny Furphy,12,G,Guard,"6' 8""",200 lbs,21.0,Indiana Pacers,IND,https://a.espncdn.com/i/headshots/nba/players/full/5157066.png,2.0,2296271.0,2.0,2024.0,2.0,35.0
4396993,Tyrese Haliburton,Tyrese Haliburton,0,G,Guard,"6' 5""",185 lbs,26.0,Indiana Pacers,IND,https://a.espncdn.com/i/headshots/nba/players/full/4396993.png,5.0,48924624.0,3.0,2020.0,1.0,12.0
4065731,Jay Huff,Jay Huff,32,C,Center,"7' 1""",240 lbs,29.0,Indiana Pacers,IND,https://a.espncdn.com/i/headshots/nba/players/full/4065731.png,5.0,2667944.0,2.0,,,
4592829,Quenton Jackson,Quenton Jackson,29,G,Guard,"6' 4""",173 lbs,28.0,Indiana Pacers,IND,https://a.espncdn.com/i/headshots/nba/players/full/4592829.png,4.0,2584539.0,2.0,,,
2530530,T.J. McConnell,T.J. McConnell,9,G,Guard,"6' 1""",190 lbs,34.0,Indiana Pacers,IND,https://a.espncdn.com/i/headshots/nba/players/full/2530530.png,11.0,11000000.0,3.0,,,
2580365,Larry Nance Jr.,Larry Nance Jr.,,F,Forward,"6' 6""",245 lbs,33.0,Indiana Pacers,IND,https://a.espncdn.com/i/headshots/nba/players/full/2580365.png,11.0,,,2015.0,1.0,27.0
4395712,Andrew Nembhard,Andrew Nembhard,2,G,Guard,"6' 4""",191 lbs,26.0,Indiana Pacers,IND,https://a.espncdn.com/i/headshots/nba/players/full/4395712.png,4.0,19550160.0,2.0,2022.0,2.0,31.0
4396909,Aaron Nesmith,Aaron Nesmith,23,G,Guard,"6' 5""",215 lbs,26.0,Indiana Pacers,IND,https://a.espncdn.com/i/headshots/nba/players/full/4396909.png,6.0,11000000.0,3.0,2020.0,1.0,14.0
3133603,Kelly Oubre Jr.,Kelly Oubre Jr.,,G,Guard,"6' 8""",203 lbs,30.0,Indiana Pacers,IND,https://a.espncdn.com/i/headshots/nba/players/full/3133603.png,11.0,,,2015.0,1.0,15.0
4433076,Ben Sheppard,Ben Sheppard,26,G,Guard,"6' 6""",190 lbs,25.0,Indiana Pacers,IND,https://a.espncdn.com/i/headshots/nba/players/full/4433076.png,3.0,5031668.0,1.0,2023.0,1.0,26.0
3149673,Pascal Siakam,Pascal Siakam,43,F,Forward,"6' 8""",245 lbs,32.0,Indiana Pacers,IND,https://a.espncdn.com/i/headshots/nba/players/full/3149673.png,10.0,48924624.0,2.0,2016.0,1.0,27.0
4398207,Jalen Slawson,Jalen Slawson,18,F,Forward,"6' 7""",215 lbs,26.0,Indiana Pacers,IND,https://a.espncdn.com/i/headshots/nba/players/full/4398207.png,2.0,,,2023.0,2.0,54.0
5105854,Braden Smith,Braden Smith,,G,Guard,"5' 10""",167 lbs,23.0,Indiana Pacers,IND,https://a.espncdn.com/i/headshots/nba/players/full/5105854.png,0.0,,,2026.0,2.0,38.0
4278355,Obi Toppin,Obi Toppin,1,F,Forward,"6' 9""",220 lbs,28.0,Indiana Pacers,IND,https://a.espncdn.com/i/headshots/nba/players/full/4278355.png,6.0,15000000.0,2.0,2020.0,1.0,8.0
5106060,Jarace Walker,Jarace Walker,5,F,Forward,"6' 7""",235 lbs,23.0,Indiana Pacers,IND,https://a.espncdn.com/i/headshots/nba/players/full/5106060.png,3.0,8478541.0,1.0,2023.0,1.0,8.0
4017837,Ivica Zubac,Ivica Zubac,40,C,Center,"7' 0""",240 lbs,29.0,Indiana Pacers,IND,https://a.espncdn.com/i/headshots/nba/players/full/4017837.png,10.0,20342140.0,2.0,2016.0,2.0,32.0
6580,Bradley Beal,Bradley Beal,3,G,Guard,"6' 4""",207 lbs,33.0,LA Clippers,LAC,https://a.espncdn.com/i/headshots/nba/players/full/6580.png,14.0,5621700.0,1.0,2012.0,1.0,3.0
4433569,Johni Broome,Johni Broome,,F,Forward,"6' 10""",235 lbs,24.0,LA Clippers,LAC,https://a.espncdn.com/i/headshots/nba/players/full/4433569.png,1.0,2150917.0,3.0,2025.0,2.0,35.0
4845363,Cam Christie,Cam Christie,24,G,Guard,"6' 5""",190 lbs,21.0,LA Clippers,LAC,https://a.espncdn.com/i/headshots/nba/players/full/4845363.png,2.0,2296271.0,1.0,2024.0,2.0,46.0
5106258,Gradey Dick,Gradey Dick,1,G,Guard,"6' 7""",200 lbs,22.0,LA Clippers,LAC,https://a.espncdn.com/i/headshots/nba/players/full/5106258.png,3.0,7131510.0,1.0,2023.0,1.0,13.0
2991139,Kris Dunn,Kris Dunn,8,G,Guard,"6' 3""",205 lbs,32.0,LA Clippers,LAC,https://a.espncdn.com/i/headshots/nba/players/full/2991139.png,10.0,5684800.0,1.0,2016.0,1.0,5.0
4396907,Darius Garland,Darius Garland,10,G,Guard,"6' 1""",192 lbs,26.0,LA Clippers,LAC,https://a.espncdn.com/i/headshots/nba/players/full/4396907.png,7.0,42166510.0,2.0,2019.0,1.0,5.0
4066648,Rui Hachimura,Rui Hachimura,28,F,Forward,"6' 8""",230 lbs,28.0,LA Clippers,LAC,https://a.espncdn.com/i/headshots/nba/players/full/4066648.png,7.0,,,2019.0,1.0,9.0
3913176,Brandon Ingram,Brandon Ingram,3,F,Forward,"6' 8""",190 lbs,29.0,LA Clippers,LAC,https://a.espncdn.com/i/headshots/nba/players/full/3913176.png,10.0,40000000.0,2.0,2016.0,1.0,2.0
4432170,Isaiah Jackson,Isaiah Jackson,23,F,Forward,"6' 8""",205 lbs,24.0,LA Clippers,LAC,https://a.espncdn.com/i/headshots/nba/players/full/4432170.png,5.0,7000000.0,2.0,2021.0,1.0,22.0
3936099,Derrick Jones Jr.,Derrick Jones Jr.,5,F,Forward,"6' 6""",210 lbs,29.0,LA Clippers,LAC,https://a.espncdn.com/i/headshots/nba/players/full/3936099.png,10.0,10476190.0,1.0,,,
3448,Brook Lopez,Brook Lopez,11,C,Center,"7' 1""",282 lbs,38.0,LA Clippers,LAC,https://a.espncdn.com/i/headshots/nba/players/full/3448.png,18.0,8750000.0,1.0,2008.0,1.0,10.0
5105832,Nick Martinelli,Nick Martinelli,,F,Forward,"6' 7""",224 lbs,22.0,LA Clippers,LAC,https://a.espncdn.com/i/headshots/nba/players/full/5105832.png,0.0,,,2026.0,2.0,55.0
5075626,Baba Miller,Baba Miller,,F,Forward,"6' 11""",208 lbs,22.0,LA Clippers,LAC,https://a.espncdn.com/i/headshots/nba/players/full/5075626.png,0.0,,,2026.0,2.0,36.0
4396818,Jordan Miller,Jordan Miller,22,G,Guard,"6' 5""",194 lbs,26.0,LA Clippers,LAC,https://a.espncdn.com/i/headshots/nba/players/full/4396818.png,3.0,2497812.0,1.0,2023.0,2.0,48.0
5363895,Narcisse Ngoy,Narcisse Ngoy,,F,Forward,"6' 10""",,22.0,LA Clippers,LAC,,0.0,,,2026.0,2.0,57.0
5108024,Yanic Konan Niederhauser,Yanic Konan Niederhauser,14,C,Center,"6' 11""",242 lbs,23.0,LA Clippers,LAC,https://a.espncdn.com/i/headshots/nba/players/full/5108024.png,1.0,2880960.0,3.0,2025.0,1.0,30.0
4398390,Jalen Pickett,Jalen Pickett,,G,Guard,"6' 2""",202 lbs,26.0,LA Clippers,LAC,https://a.espncdn.com/i/headshots/nba/players/full/4398390.png,3.0,2406205.0,1.0,2023.0,2.0,32.0
4702352,Kobe Sanders,Kobe Sanders,4,G,Guard,"6' 8""",207 lbs,24.0,LA Clippers,LAC,https://a.espncdn.com/i/headshots/nba/players/full/4702352.png,1.0,2150917.0,1.0,2025.0,2.0,50.0
4897696,Jamarion Sharp,Jamarion Sharp,,C,Center,"7' 5""",235 lbs,25.0,LA Clippers,LAC,https://a.espncdn.com/i/headshots/nba/players/full/4897696.png,0.0,,,,,
4065778,Max Strus,Max Strus,,G,Guard,"6' 5""",215 lbs,30.0,LA Clippers,LAC,https://a.espncdn.com/i/headshots/nba/players/full/4065778.png,8.0,16660836.0,1.0,,,
5254165,Keaton Wagler,Keaton Wagler,,G,Guard,"6' 5""",188 lbs,19.0,LA Clippers,LAC,https://a.espncdn.com/i/headshots/nba/players/full/5254165.png,0.0,,,2026.0,1.0,5.0
4683749,TyTy Washington Jr.,TyTy Washington Jr.,15,G,Guard,"6' 3""",195 lbs,24.0,LA Clippers,LAC,https://a.espncdn.com/i/headshots/nba/players/full/4683749.png,4.0,,,2022.0,1.0,29.0
5113969,Cameron Carr,Cameron Carr,,G,Guard,"6' 5""",184 lbs,21.0,Los Angeles Lakers,LAL,https://a.espncdn.com/i/headshots/nba/players/full/5113969.png,0.0,,,2026.0,1.0,24.0
3945274,Luka Doncic,Luka Doncic,77,G,Guard,"6' 8""",230 lbs,27.0,Los Angeles Lakers,LAL,https://a.espncdn.com/i/headshots/nba/players/full/3945274.png,8.0,49500000.0,3.0,2018.0,1.0,3.0
4397014,Quentin Grimes,Quentin Grimes,,G,Guard,"6' 4""",210 lbs,26.0,Los Angeles Lakers,LAL,https://a.espncdn.com/i/headshots/nba/players/full/4397014.png,5.0,,,2021.0,1.0,25.0
4868423,Jaden Hardy,Jaden Hardy,,G,Guard,"6' 3""",198 lbs,24.0,Los Angeles Lakers,LAL,https://a.espncdn.com/i/headshots/nba/players/full/4868423.png,4.0,6000000.0,2.0,2022.0,2.0,37.0
4683774,Bronny James,Bronny James,9,G,Guard,"6' 2""",210 lbs,21.0,Los Angeles Lakers,LAL,https://a.espncdn.com/i/headshots/nba/players/full/4683774.png,2.0,2296274.0,2.0,2024.0,2.0,55.0
4433136,Walker Kessler,Walker Kessler,,C,Center,"7' 2""",245 lbs,25.0,Los Angeles Lakers,LAL,https://a.espncdn.com/i/headshots/nba/players/full/4433136.png,4.0,,,2022.0,1.0,22.0
4897943,Dalton Knecht,Dalton Knecht,4,F,Forward,"6' 6""",215 lbs,25.0,Los Angeles Lakers,LAL,https://a.espncdn.com/i/headshots/nba/players/full/4897943.png,2.0,4201080.0,1.0,2024.0,1.0,17.0
4592691,Jake LaRavia,Jake LaRavia,12,F,Forward,"6' 7""",235 lbs,24.0,Los Angeles Lakers,LAL,https://a.espncdn.com/i/headshots/nba/players/full/4592691.png,4.0,6000000.0,1.0,2022.0,1.0,19.0
3155535,Kevon Looney,Kevon Looney,,F,Forward,"6' 9""",222 lbs,30.0,Los Angeles Lakers,LAL,https://a.espncdn.com/i/headshots/nba/players/full/3155535.png,11.0,8000000.0,1.0,2015.0,1.0,30.0
4278580,Sandro Mamukelashvili,Sandro Mamukelashvili,,F,Forward,"6' 9""",240 lbs,27.0,Los Angeles Lakers,LAL,https://a.espncdn.com/i/headshots/nba/players/full/4278580.png,5.0,,,2021.0,2.0,54.0
4702972,Chris Manon,Chris Manon,30,G,Guard,"6' 4""",209 lbs,24.0,Los Angeles Lakers,LAL,https://a.espncdn.com/i/headshots/nba/players/full/4702972.png,1.0,,,,,
5114350,AK Okereke,AK Okereke,,F,Forward,"6' 7""",244 lbs,23.0,Los Angeles Lakers,LAL,,0.0,,,,,
4066457,Austin Reaves,Austin Reaves,15,G,Guard,"6' 5""",197 lbs,28.0,Los Angeles Lakers,LAL,https://a.espncdn.com/i/headshots/nba/players/full/4066457.png,5.0,,,,,
4277811,Collin Sexton,Collin Sexton,,G,Guard,"6' 3""",190 lbs,27.0,Los Angeles Lakers,LAL,https://a.espncdn.com/i/headshots/nba/players/full/4277811.png,8.0,,,2018.0,1.0,8.0
5060631,Adou Thiero,Adou Thiero,1,F,Forward,"6' 8""",220 lbs,22.0,Los Angeles Lakers,LAL,https://a.espncdn.com/i/headshots/nba/players/full/5060631.png,1.0,2150917.0,2.0,2025.0,2.0,36.0
3907498,Matisse Thybulle,Matisse Thybulle,,G,Guard,"6' 5""",202 lbs,29.0,Los Angeles Lakers,LAL,https://a.espncdn.com/i/headshots/nba/players/full/3907498.png,7.0,,,2019.0,1.0,20.0
4278077,Jarred Vanderbilt,Jarred Vanderbilt,2,F,Forward,"6' 8""",214 lbs,27.0,Los Angeles Lakers,LAL,https://a.espncdn.com/i/headshots/nba/players/full/4278077.png,8.0,12428571.0,2.0,2018.0,2.0,41.0
4433137,Ziaire Williams,Ziaire Williams,,F,Forward,"6' 9""",185 lbs,25.0,Los Angeles Lakers,LAL,https://a.espncdn.com/i/headshots/nba/players/full/4433137.png,5.0,6250000.0,1.0,2021.0,1.0,10.0
5041935,Cameron Boozer,Cameron Boozer,27,F,Forward,"6' 8""",253 lbs,19.0,Memphis Grizzlies,MEM,https://a.espncdn.com/i/headshots/nba/players/full/5041935.png,0.0,,,2026.0,1.0,3.0
4896372,Walter Clayton Jr.,Walter Clayton Jr.,4,G,Guard,"6' 4""",195 lbs,23.0,Memphis Grizzlies,MEM,https://a.espncdn.com/i/headshots/nba/players/full/4896372.png,1.0,4190520.0,3.0,2025.0,1.0,18.0
4903027,Cedric Coward,Cedric Coward,23,F,Forward,"6' 5""",206 lbs,23.0,Memphis Grizzlies,MEM,https://a.espncdn.com/i/headshots/nba/players/full/4903027.png,1.0,6001080.0,3.0,2025.0,1.0,11.0
4600663,Zach Edey,Zach Edey,14,C,Center,"7' 3""",305 lbs,24.0,Memphis Grizzlies,MEM,https://a.espncdn.com/i/headshots/nba/players/full/4600663.png,2.0,6332760.0,3.0,2024.0,1.0,9.0
2991070,Jerami Grant,Jerami Grant,9,F,Forward,"6' 7""",213 lbs,32.0,Memphis Grizzlies,MEM,https://a.espncdn.com/i/headshots/nba/players/full/2991070.png,12.0,34206897.0,2.0,2014.0,2.0,39.0
4683750,Jordan Hawkins,Jordan Hawkins,,G,Guard,"6' 5""",190 lbs,24.0,Memphis Grizzlies,MEM,https://a.espncdn.com/i/headshots/nba/players/full/4683750.png,3.0,7021895.0,1.0,2023.0,1.0,14.0
4684806,Taylor Hendricks,Taylor Hendricks,22,F,Forward,"6' 9""",215 lbs,22.0,Memphis Grizzlies,MEM,https://a.espncdn.com/i/headshots/nba/players/full/4684806.png,3.0,7805900.0,1.0,2023.0,1.0,9.0
5105550,GG Jackson,GG Jackson,45,F,Forward,"6' 9""",210 lbs,21.0,Memphis Grizzlies,MEM,https://a.espncdn.com/i/headshots/nba/players/full/5105550.png,3.0,2406205.0,1.0,2023.0,2.0,45.0
4065733,Ty Jerome,Ty Jerome,2,G,Guard,"6' 5""",195 lbs,29.0,Memphis Grizzlies,MEM,https://a.espncdn.com/i/headshots/nba/players/full/4065733.png,7.0,9220050.0,2.0,2019.0,1.0,24.0
5231919,Karim Lopez,Karim Lopez,,F,Forward,"6' 8""",222 lbs,19.0,Memphis Grizzlies,MEM,,0.0,,,2026.0,1.0,21.0
4683934,Jahmai Mashack,Jahmai Mashack,21,G,Guard,"6' 3""",197 lbs,23.0,Memphis Grizzlies,MEM,https://a.espncdn.com/i/headshots/nba/players/full/4683934.png,1.0,0.0,1.0,2025.0,2.0,59.0
4594326,Kris Murray,Kris Murray,24,F,Forward,"6' 8""",218 lbs,26.0,Memphis Grizzlies,MEM,https://a.espncdn.com/i/headshots/nba/players/full/4594326.png,3.0,5315004.0,1.0,2023.0,1.0,23.0
4432185,Micah Peavy,Micah Peavy,,G,Guard,"6' 7""",220 lbs,25.0,Memphis Grizzlies,MEM,https://a.espncdn.com/i/headshots/nba/players/full/4432185.png,1.0,2150917.0,3.0,2025.0,2.0,40.0
4431785,Scotty Pippen Jr.,Scotty Pippen Jr.,1,G,Guard,"6' 2""",170 lbs,25.0,Memphis Grizzlies,MEM,https://a.espncdn.com/i/headshots/nba/players/full/4431785.png,4.0,2461462.0,2.0,,,
4593016,Quinten Post,Quinten Post,,C,Center,"7' 0""",238 lbs,26.0,Memphis Grizzlies,MEM,https://a.espncdn.com/i/headshots/nba/players/full/4593016.png,2.0,,,2024.0,2.0,52.0
4595400,Olivier-Maxence Prosper,Olivier-Maxence Prosper,18,F,Forward,"6' 7""",230 lbs,24.0,Memphis Grizzlies,MEM,https://a.espncdn.com/i/headshots/nba/players/full/4595400.png,3.0,2497812.0,1.0,2023.0,1.0,24.0
3136776,D'Angelo Russell,D'Angelo Russell,,G,Guard,"6' 3""",193 lbs,30.0,Memphis Grizzlies,MEM,https://a.espncdn.com/i/headshots/nba/players/full/3136776.png,11.0,5969250.0,1.0,2015.0,1.0,2.0
5105462,Richie Saunders,Richie Saunders,,G,Guard,"6' 5""",205 lbs,24.0,Memphis Grizzlies,MEM,https://a.espncdn.com/i/headshots/nba/players/full/5105462.png,0.0,,,2026.0,2.0,32.0
4781746,Javon Small,Javon Small,10,G,Guard,"6' 1""",190 lbs,23.0,Memphis Grizzlies,MEM,https://a.espncdn.com/i/headshots/nba/players/full/4781746.png,1.0,0.0,1.0,2025.0,2.0,48.0
4433083,Cam Spencer,Cam Spencer,24,G,Guard,"6' 3""",205 lbs,26.0,Memphis Grizzlies,MEM,https://a.espncdn.com/i/headshots/nba/players/full/4433083.png,2.0,2411090.0,3.0,2024.0,2.0,53.0
4432810,Isaiah Stewart,Isaiah Stewart,,F,Forward,"6' 8""",250 lbs,25.0,Memphis Grizzlies,MEM,https://a.espncdn.com/i/headshots/nba/players/full/4432810.png,6.0,15000000.0,2.0,2020.0,1.0,16.0
5112087,Jaylen Wells,Jaylen Wells,0,F,Forward,"6' 7""",206 lbs,23.0,Memphis Grizzlies,MEM,https://a.espncdn.com/i/headshots/nba/players/full/5112087.png,2.0,2296271.0,2.0,2024.0,2.0,39.0
4066261,Bam Adebayo,Bam Adebayo,13,C,Center,"6' 9""",260 lbs,29.0,Miami Heat,MIA,https://a.espncdn.com/i/headshots/nba/players/full/4066261.png,9.0,49500000.0,3.0,2017.0,1.0,14.0
3032977,Giannis Antetokounmpo,Giannis Antetokounmpo,7,F,Forward,"6' 11""",243 lbs,31.0,Miami Heat,MIA,https://a.espncdn.com/i/headshots/nba/players/full/3032977.png,13.0,58456566.0,2.0,2013.0,1.0,15.0
5107157,Ryan Conwell,Ryan Conwell,,G,Guard,"6' 3""",220 lbs,22.0,Miami Heat,MIA,https://a.espncdn.com/i/headshots/nba/players/full/5107157.png,0.0,,,2026.0,2.0,37.0
4837356,Tre Donaldson,Tre Donaldson,,G,Guard,"6' 2""",210 lbs,22.0,Miami Heat,MIA,,0.0,,,,,
3899664,Simone Fontecchio,Simone Fontecchio,0,F,Forward,"6' 7""",220 lbs,30.0,Miami Heat,MIA,https://a.espncdn.com/i/headshots/nba/players/full/3899664.png,4.0,,,,,
4431772,Myron Gardner,Myron Gardner,15,F,Forward,"6' 5""",225 lbs,25.0,Miami Heat,MIA,https://a.espncdn.com/i/headshots/nba/players/full/4431772.png,1.0,2150917.0,2.0,,,
4700818,Vladislav Goldin,Vladislav Goldin,50,C,Center,"7' 0""",255 lbs,25.0,Miami Heat,MIA,https://a.espncdn.com/i/headshots/nba/players/full/4700818.png,1.0,,,,,
4702784,J'Vonne Hadley,J'Vonne Hadley,,F,Forward,"6' 5""",210 lbs,24.0,Miami Heat,MIA,,0.0,,,,,
2528210,Tim Hardaway Jr.,Tim Hardaway Jr.,10,G,Guard,"6' 5""",205 lbs,34.0,Miami Heat,MIA,https://a.espncdn.com/i/headshots/nba/players/full/2528210.png,13.0,,,2013.0,1.0,24.0
4431786,Keshad Johnson,Keshad Johnson,16,F,Forward,"6' 6""",230 lbs,25.0,Miami Heat,MIA,https://a.espncdn.com/i/headshots/nba/players/full/4431786.png,2.0,,,,,
4997528,Nikola Jovic,Nikola Jovic,5,F,Forward,"6' 10""",240 lbs,23.0,Miami Heat,MIA,https://a.espncdn.com/i/headshots/nba/players/full/4997528.png,4.0,16200000.0,4.0,2022.0,1.0,27.0
4432645,Trevor Keels,Trevor Keels,8,G,Guard,"6' 5""",215 lbs,23.0,Miami Heat,MIA,https://a.espncdn.com/i/headshots/nba/players/full/4432645.png,2.0,,,2022.0,2.0,42.0
4601025,Pelle Larsson,Pelle Larsson,9,G,Guard,"6' 5""",215 lbs,25.0,Miami Heat,MIA,https://a.espncdn.com/i/headshots/nba/players/full/4601025.png,2.0,2296271.0,1.0,2024.0,2.0,44.0
4278053,Davion Mitchell,Davion Mitchell,45,G,Guard,"6' 0""",210 lbs,28.0,Miami Heat,MIA,https://a.espncdn.com/i/headshots/nba/players/full/4278053.png,5.0,12400000.0,1.0,2021.0,1.0,9.0
3064482,Bobby Portis,Bobby Portis,95,F,Forward,"6' 9""",250 lbs,31.0,Miami Heat,MIA,https://a.espncdn.com/i/headshots/nba/players/full/3064482.png,11.0,14521414.0,2.0,2015.0,1.0,22.0
4278076,Nick Richards,Nick Richards,8,C,Center,"6' 11""",245 lbs,28.0,Miami Heat,MIA,https://a.espncdn.com/i/headshots/nba/players/full/4278076.png,6.0,,,2020.0,2.0,42.0
4066993,Dru Smith,Dru Smith,12,G,Guard,"6' 2""",200 lbs,28.0,Miami Heat,MIA,https://a.espncdn.com/i/headshots/nba/players/full/4066993.png,4.0,2584359.0,2.0,,,
6475,Klay Thompson,Klay Thompson,,G,Guard,"6' 5""",220 lbs,36.0,Miami Heat,MIA,https://a.espncdn.com/i/headshots/nba/players/full/6475.png,15.0,17460317.0,1.0,2011.0,1.0,11.0
3059319,Andrew Wiggins,Andrew Wiggins,22,F,Forward,"6' 7""",210 lbs,31.0,Miami Heat,MIA,https://a.espncdn.com/i/headshots/nba/players/full/3059319.png,12.0,30169643.0,1.0,2014.0,1.0,1.0
4433133,Jahmir Young,Jahmir Young,17,G,Guard,"6' 0""",185 lbs,25.0,Miami Heat,MIA,https://a.espncdn.com/i/headshots/nba/players/full/4433133.png,2.0,,,,,
5164559,Nate Ament,Nate Ament,,F,Forward,"6' 10""",211 lbs,19.0,Milwaukee Bucks,MIL,https://a.espncdn.com/i/headshots/nba/players/full/5164559.png,0.0,,,2026.0,1.0,13.0
5082206,Brayden Burries,Brayden Burries,,G,Guard,"6' 4""",215 lbs,20.0,Milwaukee Bucks,MIL,https://a.espncdn.com/i/headshots/nba/players/full/5082206.png,0.0,,,2026.0,1.0,10.0
4997526,Ousmane Dieng,Ousmane Dieng,21,F,Forward,"6' 9""",185 lbs,23.0,Milwaukee Bucks,MIL,https://a.espncdn.com/i/headshots/nba/players/full/4997526.png,4.0,,,2022.0,1.0,11.0
4397475,AJ Green,AJ Green,20,G,Guard,"6' 4""",190 lbs,26.0,Milwaukee Bucks,MIL,https://a.espncdn.com/i/headshots/nba/players/full/4397475.png,4.0,10044643.0,4.0,,,
4395725,Tyler Herro,Tyler Herro,14,G,Guard,"6' 5""",205 lbs,26.0,Milwaukee Bucks,MIL,https://a.espncdn.com/i/headshots/nba/players/full/4395725.png,7.0,33000000.0,1.0,2019.0,1.0,13.0
5214640,Kasparas Jakucionis,Kasparas Jakucionis,25,G,Guard,"6' 5""",205 lbs,20.0,Milwaukee Bucks,MIL,https://a.espncdn.com/i/headshots/nba/players/full/5214640.png,1.0,3841680.0,3.0,2025.0,1.0,20.0
4432848,Jaime Jaquez Jr.,Jaime Jaquez Jr.,11,F,Forward,"6' 6""",230 lbs,25.0,Milwaukee Bucks,MIL,https://a.espncdn.com/i/headshots/nba/players/full/4432848.png,3.0,5939141.0,1.0,2023.0,1.0,18.0
4697268,Kam Jones,Kam Jones,,G,Guard,"6' 4""",200 lbs,24.0,Milwaukee Bucks,MIL,https://a.espncdn.com/i/headshots/nba/players/full/4697268.png,1.0,2150917.0,3.0,2025.0,2.0,38.0
3134907,Kyle Kuzma,Kyle Kuzma,18,F,Forward,"6' 8""",221 lbs,31.0,Milwaukee Bucks,MIL,https://a.espncdn.com/i/headshots/nba/players/full/3134907.png,9.0,20345152.0,1.0,2017.0,1.0,27.0
2991043,Caris LeVert,Caris LeVert,,G,Guard,"6' 7""",205 lbs,32.0,Milwaukee Bucks,MIL,https://a.espncdn.com/i/headshots/nba/players/full/2991043.png,10.0,14809200.0,1.0,2016.0,1.0,20.0
5184016,Malique Lewis,Malique Lewis,,F,Forward,"6' 8""",195 lbs,21.0,Milwaukee Bucks,MIL,,0.0,,,2026.0,2.0,60.0
5214989,Bogoljub Markovic,Bogoljub Markovic,,F,Forward,"6' 11""",210 lbs,21.0,Milwaukee Bucks,MIL,,0.0,,,2025.0,2.0,47.0
4397233,Pete Nance,Pete Nance,35,F,Forward,"6' 9""",225 lbs,26.0,Milwaukee Bucks,MIL,https://a.espncdn.com/i/headshots/nba/players/full/4397233.png,3.0,,,,,
4397140,Kevin Porter Jr.,Kevin Porter Jr.,7,G,Guard,"6' 5""",203 lbs,26.0,Milwaukee Bucks,MIL,https://a.espncdn.com/i/headshots/nba/players/full/4397140.png,6.0,5390700.0,1.0,2019.0,1.0,30.0
4591725,Ryan Rollins,Ryan Rollins,13,G,Guard,"6' 3""",180 lbs,24.0,Milwaukee Bucks,MIL,https://a.espncdn.com/i/headshots/nba/players/full/4591725.png,4.0,4000000.0,2.0,2022.0,2.0,44.0
4397114,Cormac Ryan,Cormac Ryan,30,G,Guard,"6' 5""",195 lbs,27.0,Milwaukee Bucks,MIL,https://a.espncdn.com/i/headshots/nba/players/full/4397114.png,1.0,,,,,
4277922,Jericho Sims,Jericho Sims,00,C,Center,"6' 10""",250 lbs,27.0,Milwaukee Bucks,MIL,https://a.espncdn.com/i/headshots/nba/players/full/4277922.png,5.0,,,2021.0,2.0,58.0
4277843,Gary Trent Jr.,Gary Trent Jr.,5,G,Guard,"6' 5""",204 lbs,27.0,Milwaukee Bucks,MIL,https://a.espncdn.com/i/headshots/nba/players/full/4277843.png,8.0,,,2018.0,2.0,37.0
3133628,Myles Turner,Myles Turner,3,C,Center,"6' 11""",250 lbs,30.0,Milwaukee Bucks,MIL,https://a.espncdn.com/i/headshots/nba/players/full/3133628.png,11.0,26584164.0,3.0,2015.0,1.0,11.0
5105623,Kel'el Ware,Kel'el Ware,7,C,Center,"7' 0""",250 lbs,22.0,Milwaukee Bucks,MIL,https://a.espncdn.com/i/headshots/nba/players/full/5105623.png,2.0,4654920.0,2.0,2024.0,1.0,15.0
4432816,LaMelo Ball,LaMelo Ball,,G,Guard,"6' 7""",180 lbs,25.0,Minnesota Timberwolves,MIN,https://a.espncdn.com/i/headshots/nba/players/full/4432816.png,6.0,40770520.0,3.0,2020.0,1.0,3.0
5279133,Joan Beringer,Joan Beringer,19,F,Forward,"6' 11""",230 lbs,19.0,Minnesota Timberwolves,MIN,https://a.espncdn.com/i/headshots/nba/players/full/5279133.png,1.0,4411200.0,3.0,2025.0,1.0,17.0
4432247,Jaylen Clark,Jaylen Clark,22,G,Guard,"6' 5""",205 lbs,24.0,Minnesota Timberwolves,MIN,https://a.espncdn.com/i/headshots/nba/players/full/4432247.png,2.0,3086420.0,0.0,2023.0,2.0,53.0
3934673,Donte DiVincenzo,Donte DiVincenzo,0,G,Guard,"6' 4""",203 lbs,29.0,Minnesota Timberwolves,MIN,https://a.espncdn.com/i/headshots/nba/players/full/3934673.png,8.0,,,2018.0,1.0,17.0
4397002,Ayo Dosunmu,Ayo Dosunmu,13,G,Guard,"6' 4""",200 lbs,26.0,Minnesota Timberwolves,MIN,https://a.espncdn.com/i/headshots/nba/players/full/4397002.png,5.0,,,2021.0,2.0,38.0
4594268,Anthony Edwards,Anthony Edwards,5,G,Guard,"6' 4""",225 lbs,25.0,Minnesota Timberwolves,MIN,https://a.espncdn.com/i/headshots/nba/players/full/4594268.png,6.0,48924624.0,4.0,2020.0,1.0,1.0
5061585,Isaiah Evans,Isaiah Evans,,G,Guard,"6' 6""",186 lbs,20.0,Minnesota Timberwolves,MIN,https://a.espncdn.com/i/headshots/nba/players/full/5061585.png,0.0,,,2026.0,2.0,33.0
4592699,Enrique Freeman,Enrique Freeman,25,F,Forward,"6' 9""",220 lbs,26.0,Minnesota Timberwolves,MIN,https://a.espncdn.com/i/headshots/nba/players/full/4592699.png,2.0,,,2024.0,2.0,50.0
3032976,Rudy Gobert,Rudy Gobert,27,C,Center,"7' 1""",258 lbs,34.0,Minnesota Timberwolves,MIN,https://a.espncdn.com/i/headshots/nba/players/full/3032976.png,13.0,36500000.0,2.0,2013.0,1.0,27.0
4592492,Bones Hyland,Bones Hyland,8,G,Guard,"6' 2""",169 lbs,26.0,Minnesota Timberwolves,MIN,https://a.espncdn.com/i/headshots/nba/players/full/4592492.png,5.0,,,2021.0,1.0,26.0
4897438,Trey Kaufman-Renn,Trey Kaufman-Renn,,F,Forward,"6' 9""",240 lbs,24.0,Minnesota Timberwolves,MIN,https://a.espncdn.com/i/headshots/nba/players/full/4897438.png,0.0,,,2026.0,2.0,59.0
3134932,John Konchar,John Konchar,,G,Guard,"6' 5""",210 lbs,30.0,Minnesota Timberwolves,MIN,https://a.espncdn.com/i/headshots/nba/players/full/3134932.png,7.0,6165000.0,1.0,,,
4433247,Jonathan Kuminga,Jonathan Kuminga,,F,Forward,"6' 7""",225 lbs,23.0,Minnesota Timberwolves,MIN,https://a.espncdn.com/i/headshots/nba/players/full/4433247.png,4.0,24300000.0,1.0,2021.0,1.0,7.0
3136196,Trey Lyles,Trey Lyles,,F,Forward,"6' 9""",234 lbs,30.0,Minnesota Timberwolves,MIN,https://a.espncdn.com/i/headshots/nba/players/full/3136196.png,10.0,,,2015.0,1.0,12.0
4431671,Jaden McDaniels,Jaden McDaniels,3,F,Forward,"6' 9""",185 lbs,25.0,Minnesota Timberwolves,MIN,https://a.espncdn.com/i/headshots/nba/players/full/4431671.png,6.0,26200001.0,3.0,2020.0,1.0,28.0
5105553,Julian Phillips,Julian Phillips,4,F,Forward,"6' 6""",198 lbs,22.0,Minnesota Timberwolves,MIN,https://a.espncdn.com/i/headshots/nba/players/full/5105553.png,3.0,,,2023.0,2.0,35.0
4592979,Zyon Pullin,Zyon Pullin,15,G,Guard,"6' 4""",206 lbs,25.0,Minnesota Timberwolves,MIN,https://a.espncdn.com/i/headshots/nba/players/full/4592979.png,2.0,,,,,
4432847,Terrence Shannon Jr.,Terrence Shannon Jr.,1,G,Guard,"6' 6""",215 lbs,26.0,Minnesota Timberwolves,MIN,https://a.espncdn.com/i/headshots/nba/players/full/4432847.png,2.0,2801640.0,2.0,2024.0,1.0,27.0
4895758,Cody Williams,Cody Williams,,F,Forward,"6' 8""",190 lbs,21.0,Minnesota Timberwolves,MIN,https://a.espncdn.com/i/headshots/nba/players/full/4895758.png,2.0,6015600.0,2.0,2024.0,1.0,10.0
5157587,Rocco Zikarsky,Rocco Zikarsky,44,C,Center,"7' 3""",254 lbs,20.0,Minnesota Timberwolves,MIN,https://a.espncdn.com/i/headshots/nba/players/full/5157587.png,1.0,,,2025.0,2.0,45.0
4397136,Saddiq Bey,Saddiq Bey,41,G,Guard,"6' 8""",215 lbs,27.0,New Orleans Pelicans,NO,https://a.espncdn.com/i/headshots/nba/players/full/4397136.png,6.0,6440678.0,1.0,2020.0,1.0,19.0
4712862,Malik Dia,Malik Dia,,F,Forward,"6' 9""",250 lbs,22.0,New Orleans Pelicans,NO,,0.0,,,,,
5144091,Jeremiah Fears,Jeremiah Fears,0,G,Guard,"6' 3""",190 lbs,19.0,New Orleans Pelicans,NO,https://a.espncdn.com/i/headshots/nba/players/full/5144091.png,1.0,7896240.0,3.0,2025.0,1.0,7.0
5170947,AJ Johnson,AJ Johnson,,G,Guard,"6' 5""",160 lbs,21.0,New Orleans Pelicans,NO,https://a.espncdn.com/i/headshots/nba/players/full/5170947.png,2.0,3237120.0,2.0,2024.0,1.0,23.0
4277813,Herbert Jones,Herbert Jones,2,F,Forward,"6' 7""",206 lbs,27.0,New Orleans Pelicans,NO,https://a.espncdn.com/i/headshots/nba/players/full/4277813.png,5.0,14898786.0,4.0,2021.0,2.0,35.0
3442,DeAndre Jordan,DeAndre Jordan,6,C,Center,"6' 11""",265 lbs,38.0,New Orleans Pelicans,NO,https://a.espncdn.com/i/headshots/nba/players/full/3442.png,18.0,,,2008.0,2.0,35.0
4683634,Bennedict Mathurin,Bennedict Mathurin,,G,Guard,"6' 5""",210 lbs,24.0,New Orleans Pelicans,NO,https://a.espncdn.com/i/headshots/nba/players/full/4683634.png,4.0,,,2022.0,1.0,6.0
4997538,Karlo Matkovic,Karlo Matkovic,17,F,Forward,"6' 10""",231 lbs,25.0,New Orleans Pelicans,NO,https://a.espncdn.com/i/headshots/nba/players/full/4997538.png,2.0,2296271.0,1.0,2022.0,2.0,52.0
4576086,Bryce McGowens,Bryce McGowens,11,G,Guard,"6' 6""",190 lbs,23.0,New Orleans Pelicans,NO,https://a.espncdn.com/i/headshots/nba/players/full/4576086.png,4.0,2584539.0,2.0,2022.0,2.0,40.0
5061589,Yves Missi,Yves Missi,21,C,Center,"6' 11""",235 lbs,22.0,New Orleans Pelicans,NO,https://a.espncdn.com/i/headshots/nba/players/full/5061589.png,2.0,3512760.0,2.0,2024.0,1.0,21.0
4397688,Trey Murphy III,Trey Murphy III,25,F,Forward,"6' 8""",206 lbs,26.0,New Orleans Pelicans,NO,https://a.espncdn.com/i/headshots/nba/players/full/4397688.png,5.0,27000000.0,3.0,2021.0,1.0,17.0
3907497,Dejounte Murray,Dejounte Murray,5,G,Guard,"6' 4""",180 lbs,29.0,New Orleans Pelicans,NO,https://a.espncdn.com/i/headshots/nba/players/full/3907497.png,10.0,32785071.0,2.0,2016.0,1.0,29.0
4432068,Josh Oduro,Josh Oduro,13,C,Center,"6' 9""",240 lbs,25.0,New Orleans Pelicans,NO,,1.0,,,,,
4703115,Jaron Pierre Jr.,Jaron Pierre Jr.,,G,Guard,"6' 6""",210 lbs,24.0,New Orleans Pelicans,NO,https://a.espncdn.com/i/headshots/nba/players/full/4703115.png,0.0,,,2026.0,2.0,58.0
4277956,Jordan Poole,Jordan Poole,3,G,Guard,"6' 4""",194 lbs,27.0,New Orleans Pelicans,NO,https://a.espncdn.com/i/headshots/nba/players/full/4277956.png,7.0,34044642.0,1.0,2019.0,1.0,28.0
4869780,Derik Queen,Derik Queen,22,C,Center,"6' 9""",250 lbs,21.0,New Orleans Pelicans,NO,https://a.espncdn.com/i/headshots/nba/players/full/4869780.png,1.0,5416080.0,3.0,2025.0,1.0,13.0
4431675,Trendon Watford,Trendon Watford,,F,Forward,"6' 8""",237 lbs,25.0,New Orleans Pelicans,NO,https://a.espncdn.com/i/headshots/nba/players/full/4431675.png,5.0,2801346.0,1.0,,,
4395628,Zion Williamson,Zion Williamson,1,F,Forward,"6' 6""",284 lbs,26.0,New Orleans Pelicans,NO,https://a.espncdn.com/i/headshots/nba/players/full/4395628.png,7.0,42166510.0,2.0,2019.0,1.0,1.0
4277869,Jose Alvarado,Jose Alvarado,5,G,Guard,"6' 0""",179 lbs,28.0,New York Knicks,NY,https://a.espncdn.com/i/headshots/nba/players/full/4277869.png,5.0,4500000.0,1.0,,,
3934719,OG Anunoby,OG Anunoby,8,F,Forward,"6' 7""",240 lbs,29.0,New York Knicks,NY,https://a.espncdn.com/i/headshots/nba/players/full/3934719.png,9.0,42500000.0,3.0,2017.0,1.0,23.0
3147657,Mikal Bridges,Mikal Bridges,25,G,Guard,"6' 6""",209 lbs,30.0,New York Knicks,NY,https://a.espncdn.com/i/headshots/nba/players/full/3147657.png,8.0,33482143.0,4.0,2018.0,1.0,10.0
3934672,Jalen Brunson,Jalen Brunson,11,G,Guard,"6' 2""",190 lbs,30.0,New York Knicks,NY,https://a.espncdn.com/i/headshots/nba/players/full/3934672.png,8.0,37739521.0,3.0,2018.0,2.0,33.0
2528426,Jordan Clarkson,Jordan Clarkson,00,G,Guard,"6' 5""",194 lbs,34.0,New York Knicks,NY,https://a.espncdn.com/i/headshots/nba/players/full/2528426.png,12.0,,,2014.0,2.0,46.0
5211983,Pacome Dadiet,Pacome Dadiet,4,F,Forward,"6' 9""",210 lbs,21.0,New York Knicks,NY,https://a.espncdn.com/i/headshots/nba/players/full/5211983.png,2.0,2983680.0,2.0,2024.0,1.0,25.0
5289900,Mohamed Diawara,Mohamed Diawara,51,F,Forward,"6' 9""",225 lbs,21.0,New York Knicks,NY,https://a.espncdn.com/i/headshots/nba/players/full/5289900.png,1.0,,,2025.0,2.0,51.0
6585,Andre Drummond,Andre Drummond,,C,Center,"6' 11""",279 lbs,33.0,New York Knicks,NY,https://a.espncdn.com/i/headshots/nba/players/full/6585.png,14.0,,,2012.0,1.0,9.0
3062679,Josh Hart,Josh Hart,3,G,Guard,"6' 5""",215 lbs,31.0,New York Knicks,NY,https://a.espncdn.com/i/headshots/nba/players/full/3062679.png,9.0,20923760.0,2.0,2017.0,1.0,30.0
5234862,Jack Kayil,Jack Kayil,,G,Guard,"6' 5""",185 lbs,20.0,New York Knicks,NY,,0.0,,,2026.0,2.0,39.0
4433225,Tyler Kolek,Tyler Kolek,13,G,Guard,"6' 2""",195 lbs,25.0,New York Knicks,NY,https://a.espncdn.com/i/headshots/nba/players/full/4433225.png,2.0,2296271.0,2.0,2024.0,2.0,34.0
4431823,Miles McBride,Miles McBride,2,G,Guard,"6' 2""",195 lbs,26.0,New York Knicks,NY,https://a.espncdn.com/i/headshots/nba/players/full/4431823.png,5.0,3956523.0,1.0,2021.0,2.0,36.0
4411057,Kevin McCullar Jr.,Kevin McCullar Jr.,9,G,Guard,"6' 6""",210 lbs,25.0,New York Knicks,NY,https://a.espncdn.com/i/headshots/nba/players/full/4411057.png,2.0,,,2024.0,2.0,56.0
4838721,Tyler Nickel,Tyler Nickel,,F,Forward,"6' 8""",217 lbs,23.0,New York Knicks,NY,https://a.espncdn.com/i/headshots/nba/players/full/4838721.png,0.0,,,2026.0,2.0,47.0
3914044,Landry Shamet,Landry Shamet,44,G,Guard,"6' 5""",190 lbs,29.0,New York Knicks,NY,https://a.espncdn.com/i/headshots/nba/players/full/3914044.png,8.0,,,2018.0,1.0,26.0
3136195,Karl-Anthony Towns,Karl-Anthony Towns,32,C,Center,"7' 0""",248 lbs,30.0,New York Knicks,NY,https://a.espncdn.com/i/headshots/nba/players/full/3136195.png,11.0,57078728.0,2.0,2015.0,1.0,1.0
4684208,Brooks Barnhizer,Brooks Barnhizer,23,F,Forward,"6' 6""",226 lbs,24.0,Oklahoma City Thunder,OKC,https://a.espncdn.com/i/headshots/nba/players/full/4684208.png,1.0,,,2025.0,2.0,44.0
2991350,Alex Caruso,Alex Caruso,9,G,Guard,"6' 5""",186 lbs,32.0,Oklahoma City Thunder,OKC,https://a.espncdn.com/i/headshots/nba/players/full/2991350.png,9.0,19550160.0,3.0,,,
5105800,Josh Dix,Josh Dix,,G,Guard,"6' 5""",206 lbs,22.0,Oklahoma City Thunder,OKC,,0.0,,,,,
4278073,Shai Gilgeous-Alexander,Shai Gilgeous-Alexander,2,G,Guard,"6' 6""",195 lbs,28.0,Oklahoma City Thunder,OKC,https://a.espncdn.com/i/headshots/nba/players/full/4278073.png,8.0,40806150.0,5.0,2018.0,1.0,11.0
4222252,Isaiah Hartenstein,Isaiah Hartenstein,55,C,Center,"7' 0""",250 lbs,28.0,Oklahoma City Thunder,OKC,https://a.espncdn.com/i/headshots/nba/players/full/4222252.png,8.0,28500000.0,1.0,2017.0,2.0,43.0
4433255,Chet Holmgren,Chet Holmgren,7,C,Center,"7' 1""",208 lbs,24.0,Oklahoma City Thunder,OKC,https://a.espncdn.com/i/headshots/nba/players/full/4433255.png,3.0,41500000.0,5.0,2022.0,1.0,2.0
5174983,Aday Mara,Aday Mara,,C,Center,"7' 3""",262 lbs,21.0,Oklahoma City Thunder,OKC,https://a.espncdn.com/i/headshots/nba/players/full/5174983.png,0.0,,,2026.0,1.0,12.0
4683778,Jared McCain,Jared McCain,3,G,Guard,"6' 3""",195 lbs,22.0,Oklahoma City Thunder,OKC,https://a.espncdn.com/i/headshots/nba/players/full/4683778.png,2.0,4422600.0,2.0,2024.0,1.0,16.0
4900671,Ajay Mitchell,Ajay Mitchell,25,G,Guard,"6' 4""",190 lbs,24.0,Oklahoma City Thunder,OKC,https://a.espncdn.com/i/headshots/nba/players/full/4900671.png,2.0,2850000.0,2.0,2024.0,2.0,38.0
5106270,Otega Oweh,Otega Oweh,,G,Guard,"6' 4""",217 lbs,23.0,Oklahoma City Thunder,OKC,https://a.espncdn.com/i/headshots/nba/players/full/5106270.png,0.0,,,2026.0,2.0,41.0
5061603,Thomas Sorber,Thomas Sorber,12,C,Center,"6' 9""",250 lbs,20.0,Oklahoma City Thunder,OKC,https://a.espncdn.com/i/headshots/nba/players/full/5061603.png,0.0,4887720.0,3.0,2025.0,1.0,15.0
5241364,Bennett Stirtz,Bennett Stirtz,,G,Guard,"6' 4""",190 lbs,22.0,Oklahoma City Thunder,OKC,https://a.espncdn.com/i/headshots/nba/players/full/5241364.png,0.0,,,2026.0,1.0,16.0
5159925,Nikola Topic,Nikola Topic,44,G,Guard,"6' 6""",200 lbs,21.0,Oklahoma City Thunder,OKC,https://a.espncdn.com/i/headshots/nba/players/full/5159925.png,1.0,5429760.0,2.0,2024.0,1.0,12.0
4683692,Cason Wallace,Cason Wallace,22,G,Guard,"6' 3""",195 lbs,22.0,Oklahoma City Thunder,OKC,https://a.espncdn.com/i/headshots/nba/players/full/4683692.png,3.0,7420806.0,1.0,2023.0,1.0,10.0
4593803,Jalen Williams,Jalen Williams,8,G,Guard,"6' 5""",211 lbs,25.0,Oklahoma City Thunder,OKC,https://a.espncdn.com/i/headshots/nba/players/full/4593803.png,4.0,41500000.0,5.0,2022.0,1.0,12.0
4432823,Jaylin Williams,Jaylin Williams,6,F,Forward,"6' 9""",240 lbs,24.0,Oklahoma City Thunder,OKC,https://a.espncdn.com/i/headshots/nba/players/full/4432823.png,4.0,7774648.0,2.0,2022.0,2.0,34.0
3133626,Kenrich Williams,Kenrich Williams,34,G,Guard,"6' 7""",210 lbs,31.0,Oklahoma City Thunder,OKC,https://a.espncdn.com/i/headshots/nba/players/full/3133626.png,8.0,7163000.0,1.0,,,
4432573,Paolo Banchero,Paolo Banchero,5,F,Forward,"6' 10""",250 lbs,23.0,Orlando Magic,ORL,https://a.espncdn.com/i/headshots/nba/players/full/4432573.png,4.0,41500000.0,5.0,2022.0,1.0,1.0
4066320,Desmond Bane,Desmond Bane,3,G,Guard,"6' 6""",215 lbs,28.0,Orlando Magic,ORL,https://a.espncdn.com/i/headshots/nba/players/full/4066320.png,6.0,39446090.0,3.0,2020.0,1.0,30.0
4348700,Goga Bitadze,Goga Bitadze,35,C,Center,"6' 11""",250 lbs,27.0,Orlando Magic,ORL,https://a.espncdn.com/i/headshots/nba/players/full/4348700.png,7.0,7608696.0,1.0,2019.0,1.0,18.0
4712849,Anthony Black,Anthony Black,0,G,Guard,"6' 7""",200 lbs,22.0,Orlando Magic,ORL,https://a.espncdn.com/i/headshots/nba/players/full/4712849.png,3.0,10106315.0,1.0,2023.0,1.0,6.0
4565201,Malaki Branham,Malaki Branham,12,F,Forward,"6' 4""",180 lbs,23.0,Orlando Magic,ORL,https://a.espncdn.com/i/headshots/nba/players/full/4565201.png,4.0,,,2022.0,1.0,20.0
4278572,Jamal Cain,Jamal Cain,8,F,Forward,"6' 7""",191 lbs,27.0,Orlando Magic,ORL,https://a.espncdn.com/i/headshots/nba/players/full/4278572.png,4.0,,,,,
3133635,Jevon Carter,Jevon Carter,2,G,Guard,"6' 0""",200 lbs,31.0,Orlando Magic,ORL,https://a.espncdn.com/i/headshots/nba/players/full/3133635.png,8.0,,,2018.0,2.0,32.0
4277847,Wendell Carter Jr.,Wendell Carter Jr.,34,C,Center,"6' 10""",270 lbs,27.0,Orlando Magic,ORL,https://a.espncdn.com/i/headshots/nba/players/full/4277847.png,8.0,18102000.0,3.0,2018.0,1.0,7.0
4397204,Colin Castleton,Colin Castleton,14,C,Center,"6' 10""",250 lbs,26.0,Orlando Magic,ORL,https://a.espncdn.com/i/headshots/nba/players/full/4397204.png,3.0,,,,,
4702382,Tristan da Silva,Tristan da Silva,23,F,Forward,"6' 8""",217 lbs,25.0,Orlando Magic,ORL,https://a.espncdn.com/i/headshots/nba/players/full/4702382.png,2.0,3991200.0,2.0,2024.0,1.0,18.0
4576085,JD Davison,JD Davison,20,G,Guard,"6' 1""",195 lbs,23.0,Orlando Magic,ORL,https://a.espncdn.com/i/headshots/nba/players/full/4576085.png,4.0,2584539.0,1.0,2022.0,2.0,53.0
4065654,Jonathan Isaac,Jonathan Isaac,1,F,Forward,"6' 10""",230 lbs,28.0,Orlando Magic,ORL,https://a.espncdn.com/i/headshots/nba/players/full/4065654.png,9.0,14500000.0,3.0,2017.0,1.0,6.0
4593034,Alex Morales,Alex Morales,30,G,Guard,"6' 6""",180 lbs,28.0,Orlando Magic,ORL,https://a.espncdn.com/i/headshots/nba/players/full/4593034.png,1.0,0.0,1.0,,,
5107251,Izaiyah Nelson,Izaiyah Nelson,,F,Forward,"6' 8""",219 lbs,22.0,Orlando Magic,ORL,https://a.espncdn.com/i/headshots/nba/players/full/5107251.png,0.0,,,2026.0,2.0,51.0
5214637,Noah Penda,Noah Penda,93,F,Forward,"6' 7""",215 lbs,21.0,Orlando Magic,ORL,https://a.espncdn.com/i/headshots/nba/players/full/5214637.png,1.0,2150917.0,3.0,2025.0,2.0,32.0
5239561,Jase Richardson,Jase Richardson,11,G,Guard,"6' 1""",180 lbs,20.0,Orlando Magic,ORL,https://a.espncdn.com/i/headshots/nba/players/full/5239561.png,1.0,3132360.0,3.0,2025.0,1.0,25.0
4432165,Jalen Suggs,Jalen Suggs,4,G,Guard,"6' 5""",205 lbs,25.0,Orlando Magic,ORL,https://a.espncdn.com/i/headshots/nba/players/full/4432165.png,5.0,32400000.0,4.0,2021.0,1.0,5.0
6478,Nikola Vucevic,Nikola Vucevic,9,C,Center,"6' 9""",260 lbs,35.0,Orlando Magic,ORL,https://a.espncdn.com/i/headshots/nba/players/full/6478.png,15.0,,,2011.0,1.0,16.0
4566434,Franz Wagner,Franz Wagner,22,F,Forward,"6' 10""",220 lbs,25.0,Orlando Magic,ORL,https://a.espncdn.com/i/headshots/nba/players/full/4566434.png,5.0,41754690.0,4.0,2021.0,1.0,8.0
4870562,Dominick Barlow,Dominick Barlow,25,F,Forward,"6' 9""",215 lbs,23.0,Philadelphia 76ers,PHI,https://a.espncdn.com/i/headshots/nba/players/full/4870562.png,4.0,3415000.0,1.0,,,
5105637,Adem Bona,Adem Bona,30,C,Center,"6' 10""",235 lbs,23.0,Philadelphia 76ers,PHI,https://a.espncdn.com/i/headshots/nba/players/full/5105637.png,2.0,2296271.0,2.0,2024.0,2.0,41.0
3917376,Jaylen Brown,Jaylen Brown,7,G,Guard,"6' 6""",223 lbs,29.0,Philadelphia 76ers,PHI,https://a.espncdn.com/i/headshots/nba/players/full/3917376.png,10.0,57078728.0,3.0,2016.0,1.0,3.0
2581018,Kentavious Caldwell-Pope,Kentavious Caldwell-Pope,,G,Guard,"6' 5""",204 lbs,33.0,Philadelphia 76ers,PHI,https://a.espncdn.com/i/headshots/nba/players/full/2581018.png,13.0,21621500.0,1.0,2013.0,1.0,8.0
5124612,VJ Edgecombe,VJ Edgecombe,77,G,Guard,"6' 4""",180 lbs,21.0,Philadelphia 76ers,PHI,https://a.espncdn.com/i/headshots/nba/players/full/5124612.png,1.0,11663880.0,3.0,2025.0,1.0,3.0
4711297,Justin Edwards,Justin Edwards,11,F,Forward,"6' 7""",203 lbs,22.0,Philadelphia 76ers,PHI,https://a.espncdn.com/i/headshots/nba/players/full/4711297.png,2.0,2411090.0,2.0,,,
3059318,Joel Embiid,Joel Embiid,21,C,Center,"7' 0""",280 lbs,32.0,Philadelphia 76ers,PHI,https://a.espncdn.com/i/headshots/nba/players/full/3059318.png,10.0,58100000.0,3.0,2014.0,1.0,3.0
3904625,Tacko Fall,Tacko Fall,,C,Center,"7' 6""",250 lbs,30.0,Philadelphia 76ers,PHI,https://a.espncdn.com/i/headshots/nba/players/full/3904625.png,3.0,,,,,
4871141,Ariel Hukporti,Ariel Hukporti,,C,Center,"7' 0""",246 lbs,24.0,Philadelphia 76ers,PHI,https://a.espncdn.com/i/headshots/nba/players/full/4871141.png,2.0,,,2024.0,2.0,58.0
1966,LeBron James,LeBron James,23,F,Forward,"6' 9""",250 lbs,41.0,Philadelphia 76ers,PHI,https://a.espncdn.com/i/headshots/nba/players/full/1966.png,23.0,,,2003.0,1.0,1.0
4702159,Dillon Jones,Dillon Jones,,F,Forward,"6' 5""",235 lbs,24.0,Philadelphia 76ers,PHI,https://a.espncdn.com/i/headshots/nba/players/full/4702159.png,,,,2024.0,1.0,26.0
4433144,Caleb Love,Caleb Love,9,G,Guard,"6' 3""",212 lbs,24.0,Philadelphia 76ers,PHI,https://a.espncdn.com/i/headshots/nba/players/full/4433144.png,1.0,,,,,
4431678,Tyrese Maxey,Tyrese Maxey,0,G,Guard,"6' 2""",200 lbs,25.0,Philadelphia 76ers,PHI,https://a.espncdn.com/i/headshots/nba/players/full/4431678.png,6.0,40770520.0,3.0,2020.0,1.0,21.0
4702049,Duke Miles,Duke Miles,,G,Guard,"6' 0""",180 lbs,24.0,Philadelphia 76ers,PHI,,0.0,,,,,
4592444,Jameer Nelson Jr.,Jameer Nelson Jr.,,G,Guard,"6' 1""",190 lbs,25.0,Philadelphia 76ers,PHI,,,,,,,
4873090,Labaron Philon Jr.,Labaron Philon Jr.,,G,Guard,"6' 3""",176 lbs,20.0,Philadelphia 76ers,PHI,https://a.espncdn.com/i/headshots/nba/players/full/4873090.png,0.0,,,2026.0,1.0,22.0
5099752,Rayan Rupert,Rayan Rupert,12,G,Guard,"6' 7""",205 lbs,22.0,Philadelphia 76ers,PHI,https://a.espncdn.com/i/headshots/nba/players/full/5099752.png,3.0,,,2023.0,2.0,43.0
4351851,Anfernee Simons,Anfernee Simons,5,G,Guard,"6' 3""",200 lbs,27.0,Philadelphia 76ers,PHI,https://a.espncdn.com/i/headshots/nba/players/full/4351851.png,8.0,,,2018.0,1.0,24.0
3912848,Dean Wade,Dean Wade,,F,Forward,"6' 9""",228 lbs,29.0,Philadelphia 76ers,PHI,https://a.espncdn.com/i/headshots/nba/players/full/3912848.png,7.0,,,,,
4432446,Jabari Walker,Jabari Walker,33,F,Forward,"6' 7""",237 lbs,24.0,Philadelphia 76ers,PHI,https://a.espncdn.com/i/headshots/nba/players/full/4432446.png,4.0,2584539.0,1.0,2022.0,2.0,57.0
3136193,Devin Booker,Devin Booker,15,G,Guard,"6' 5""",206 lbs,29.0,Phoenix Suns,PHX,https://a.espncdn.com/i/headshots/nba/players/full/3136193.png,11.0,57078728.0,4.0,2015.0,1.0,13.0
4280245,Jamaree Bouyea,Jamaree Bouyea,17,G,Guard,"6' 2""",180 lbs,27.0,Phoenix Suns,PHX,https://a.espncdn.com/i/headshots/nba/players/full/4280245.png,4.0,2584539.0,1.0,,,
4591259,Koby Brea,Koby Brea,14,G,Guard,"6' 6""",215 lbs,23.0,Phoenix Suns,PHX,https://a.espncdn.com/i/headshots/nba/players/full/4591259.png,1.0,,,2025.0,1.0,41.0
4066383,Miles Bridges,Miles Bridges,,F,Forward,"6' 7""",225 lbs,28.0,Phoenix Suns,PHX,https://a.espncdn.com/i/headshots/nba/players/full/4066383.png,7.0,22826087.0,1.0,2018.0,1.0,12.0
3155526,Dillon Brooks,Dillon Brooks,3,F,Forward,"6' 7""",225 lbs,30.0,Phoenix Suns,PHX,https://a.espncdn.com/i/headshots/nba/players/full/3155526.png,9.0,19992727.0,1.0,2017.0,2.0,45.0
4888725,Ryan Dunn,Ryan Dunn,0,F,Forward,"6' 7""",216 lbs,23.0,Phoenix Suns,PHX,https://a.espncdn.com/i/headshots/nba/players/full/4888725.png,2.0,2784240.0,2.0,2024.0,1.0,28.0
5105977,Rasheer Fleming,Rasheer Fleming,20,F,Forward,"6' 9""",240 lbs,22.0,Phoenix Suns,PHX,https://a.espncdn.com/i/headshots/nba/players/full/5105977.png,1.0,2150917.0,3.0,2025.0,2.0,31.0
4278585,Collin Gillespie,Collin Gillespie,12,G,Guard,"6' 1""",195 lbs,27.0,Phoenix Suns,PHX,https://a.espncdn.com/i/headshots/nba/players/full/4278585.png,3.0,,,,,
4278402,Jordan Goodwin,Jordan Goodwin,23,G,Guard,"6' 3""",215 lbs,27.0,Phoenix Suns,PHX,https://a.espncdn.com/i/headshots/nba/players/full/4278402.png,5.0,,,,,
4437244,Jalen Green,Jalen Green,4,G,Guard,"6' 4""",186 lbs,24.0,Phoenix Suns,PHX,https://a.espncdn.com/i/headshots/nba/players/full/4437244.png,5.0,36251166.0,2.0,2021.0,1.0,2.0
4291678,Haywood Highsmith,Haywood Highsmith,7,F,Forward,"6' 5""",220 lbs,29.0,Phoenix Suns,PHX,https://a.espncdn.com/i/headshots/nba/players/full/4291678.png,6.0,3018158.0,1.0,,,
4702602,CJ Huntley,CJ Huntley,22,F,Forward,"6' 10""",230 lbs,24.0,Phoenix Suns,PHX,https://a.espncdn.com/i/headshots/nba/players/full/4702602.png,1.0,0.0,1.0,,,
4601023,Oso Ighodaro,Oso Ighodaro,11,F,Forward,"6' 11""",235 lbs,24.0,Phoenix Suns,PHX,https://a.espncdn.com/i/headshots/nba/players/full/4601023.png,2.0,2296271.0,2.0,2024.0,2.0,40.0
3913174,Luke Kennard,Luke Kennard,,G,Guard,"6' 5""",206 lbs,30.0,Phoenix Suns,PHX,https://a.espncdn.com/i/headshots/nba/players/full/3913174.png,9.0,,,2017.0,1.0,12.0
4277957,Isaiah Livers,Isaiah Livers,18,F,Forward,"6' 6""",232 lbs,28.0,Phoenix Suns,PHX,https://a.espncdn.com/i/headshots/nba/players/full/4277957.png,4.0,,,2021.0,2.0,42.0
5203685,Khaman Maluach,Khaman Maluach,10,C,Center,"7' 2""",250 lbs,20.0,Phoenix Suns,PHX,https://a.espncdn.com/i/headshots/nba/players/full/5203685.png,1.0,6316680.0,3.0,2025.0,1.0,10.0
5041953,Koa Peat,Koa Peat,,F,Forward,"6' 8""",245 lbs,19.0,Phoenix Suns,PHX,https://a.espncdn.com/i/headshots/nba/players/full/5041953.png,0.0,,,2026.0,1.0,30.0
4066268,Duop Reath,Duop Reath,,C,Center,"6' 9""",245 lbs,30.0,Phoenix Suns,PHX,https://a.espncdn.com/i/headshots/nba/players/full/4066268.png,3.0,,,,,
4592714,Pat Spencer,Pat Spencer,,G,Guard,"6' 2""",205 lbs,30.0,Phoenix Suns,PHX,https://a.espncdn.com/i/headshots/nba/players/full/4592714.png,3.0,,,,,
4701232,Mark Williams,Mark Williams,15,C,Center,"7' 1""",240 lbs,24.0,Phoenix Suns,PHX,https://a.espncdn.com/i/headshots/nba/players/full/4701232.png,4.0,,,2022.0,1.0,15.0
4683021,Deni Avdija,Deni Avdija,8,F,Forward,"6' 8""",228 lbs,25.0,Portland Trail Blazers,POR,https://a.espncdn.com/i/headshots/nba/players/full/4683021.png,6.0,13125000.0,2.0,2020.0,1.0,9.0
4431736,Toumani Camara,Toumani Camara,33,F,Forward,"6' 7""",230 lbs,26.0,Portland Trail Blazers,POR,https://a.espncdn.com/i/headshots/nba/players/full/4431736.png,3.0,18080358.0,4.0,2023.0,2.0,52.0
4592435,Branden Carlson,Branden Carlson,,C,Center,"7' 0""",220 lbs,27.0,Portland Trail Blazers,POR,https://a.espncdn.com/i/headshots/nba/players/full/4592435.png,2.0,,,,,
5081727,Sidy Cissoko,Sidy Cissoko,91,G,Guard,"6' 6""",220 lbs,22.0,Portland Trail Blazers,POR,https://a.espncdn.com/i/headshots/nba/players/full/5081727.png,3.0,2497812.0,1.0,2023.0,2.0,44.0
5105565,Donovan Clingan,Donovan Clingan,23,C,Center,"7' 2""",280 lbs,22.0,Portland Trail Blazers,POR,https://a.espncdn.com/i/headshots/nba/players/full/5105565.png,2.0,7519920.0,2.0,2024.0,1.0,7.0
5217746,Yang Hansen,Yang Hansen,16,C,Center,"7' 1""",270 lbs,21.0,Portland Trail Blazers,POR,https://a.espncdn.com/i/headshots/nba/players/full/5217746.png,1.0,4643520.0,3.0,2025.0,1.0,16.0
4683678,Scoot Henderson,Scoot Henderson,00,G,Guard,"6' 3""",207 lbs,22.0,Portland Trail Blazers,POR,https://a.espncdn.com/i/headshots/nba/players/full/4683678.png,3.0,13585522.0,1.0,2023.0,1.0,3.0
3995,Jrue Holiday,Jrue Holiday,5,G,Guard,"6' 4""",220 lbs,36.0,Portland Trail Blazers,POR,https://a.espncdn.com/i/headshots/nba/players/full/3995.png,17.0,34800000.0,2.0,2009.0,1.0,17.0
4703889,Jayson Kent,Jayson Kent,29,G,Guard,"6' 8""",215 lbs,24.0,Portland Trail Blazers,POR,,1.0,0.0,1.0,,,
4578893,Vit Krejci,Vit Krejci,27,G,Guard,"6' 8""",195 lbs,26.0,Portland Trail Blazers,POR,https://a.espncdn.com/i/headshots/nba/players/full/4578893.png,5.0,2667944.0,2.0,2020.0,2.0,37.0
6606,Damian Lillard,Damian Lillard,0,G,Guard,"6' 2""",200 lbs,36.0,Portland Trail Blazers,POR,https://a.espncdn.com/i/headshots/nba/players/full/6606.png,13.0,13398000.0,2.0,2012.0,1.0,6.0
4279888,Ja Morant,Ja Morant,1,G,Guard,"6' 2""",174 lbs,27.0,Portland Trail Blazers,POR,https://a.espncdn.com/i/headshots/nba/players/full/4279888.png,7.0,42166510.0,2.0,2019.0,1.0,2.0
4066399,Micah Potter,Micah Potter,11,C,Center,"6' 9""",248 lbs,28.0,Portland Trail Blazers,POR,https://a.espncdn.com/i/headshots/nba/players/full/4066399.png,4.0,2801346.0,1.0,,,
4914336,Shaedon Sharpe,Shaedon Sharpe,17,G,Guard,"6' 5""",210 lbs,23.0,Portland Trail Blazers,POR,https://a.espncdn.com/i/headshots/nba/players/full/4914336.png,4.0,20089286.0,4.0,2022.0,1.0,7.0
4610139,Jeremy Sochan,Jeremy Sochan,20,F,Forward,"6' 8""",230 lbs,23.0,Portland Trail Blazers,POR,https://a.espncdn.com/i/headshots/nba/players/full/4610139.png,4.0,,,2022.0,1.0,9.0
4593043,John Tonje,John Tonje,,F,Forward,"6' 5""",225 lbs,25.0,Portland Trail Blazers,POR,https://a.espncdn.com/i/headshots/nba/players/full/4593043.png,1.0,,,2025.0,2.0,53.0
4066211,Robert Williams III,Robert Williams III,35,C,Center,"6' 9""",249 lbs,28.0,Portland Trail Blazers,POR,https://a.espncdn.com/i/headshots/nba/players/full/4066211.png,8.0,,,2018.0,1.0,27.0
4706557,Chris Youngblood,Chris Youngblood,11,G,Guard,"6' 4""",221 lbs,24.0,Portland Trail Blazers,POR,https://a.espncdn.com/i/headshots/nba/players/full/4706557.png,1.0,0.0,1.0,,,
4431679,Precious Achiuwa,Precious Achiuwa,9,PF,Power Forward,"6' 8""",243 lbs,26.0,Sacramento Kings,SAC,https://a.espncdn.com/i/headshots/nba/players/full/4431679.png,6.0,,,2020.0,1.0,20.0
5142620,Darius Acuff Jr.,Darius Acuff Jr.,5,G,Guard,"6' 2""",186 lbs,19.0,Sacramento Kings,SAC,https://a.espncdn.com/i/headshots/nba/players/full/5142620.png,0.0,,,2026.0,1.0,7.0
4433174,Dylan Cardwell,Dylan Cardwell,32,C,Center,"6' 10""",255 lbs,24.0,Sacramento Kings,SAC,https://a.espncdn.com/i/headshots/nba/players/full/4433174.png,1.0,2150917.0,3.0,,,
4702384,Nique Clifford,Nique Clifford,5,G,Guard,"6' 5""",175 lbs,24.0,Sacramento Kings,SAC,https://a.espncdn.com/i/headshots/nba/players/full/4702384.png,1.0,3263400.0,3.0,2025.0,1.0,24.0
4397654,Adam Flagler,Adam Flagler,,G,Guard,"6' 1""",180 lbs,26.0,Sacramento Kings,SAC,https://a.espncdn.com/i/headshots/nba/players/full/4397654.png,2.0,,,,,
4065732,De'Andre Hunter,De'Andre Hunter,15,F,Forward,"6' 7""",221 lbs,28.0,Sacramento Kings,SAC,https://a.espncdn.com/i/headshots/nba/players/full/4065732.png,7.0,24910714.0,1.0,2019.0,1.0,4.0
4917149,Alex Karaban,Alex Karaban,33,F,Forward,"6' 7""",225 lbs,23.0,Sacramento Kings,SAC,https://a.espncdn.com/i/headshots/nba/players/full/4917149.png,0.0,,,2026.0,1.0,29.0
3064440,Zach LaVine,Zach LaVine,8,G,Guard,"6' 5""",200 lbs,31.0,Sacramento Kings,SAC,https://a.espncdn.com/i/headshots/nba/players/full/3064440.png,12.0,48967380.0,1.0,2014.0,1.0,13.0
5107897,Jonathan Mogbo,Jonathan Mogbo,,F,Forward,"6' 9""",225 lbs,24.0,Sacramento Kings,SAC,https://a.espncdn.com/i/headshots/nba/players/full/5107897.png,2.0,2296271.0,1.0,2024.0,2.0,31.0
4066262,Malik Monk,Malik Monk,0,G,Guard,"6' 3""",200 lbs,28.0,Sacramento Kings,SAC,https://a.espncdn.com/i/headshots/nba/players/full/4066262.png,9.0,21190034.0,2.0,2017.0,1.0,11.0
4594327,Keegan Murray,Keegan Murray,13,F,Forward,"6' 8""",225 lbs,26.0,Sacramento Kings,SAC,https://a.espncdn.com/i/headshots/nba/players/full/4594327.png,4.0,24137931.0,4.0,2022.0,1.0,4.0
4279318,Daeqwon Plowden,Daeqwon Plowden,29,G,Guard,"6' 6""",216 lbs,28.0,Sacramento Kings,SAC,https://a.espncdn.com/i/headshots/nba/players/full/4279318.png,2.0,,,,,
4898371,Maxime Raynaud,Maxime Raynaud,42,C,Center,"7' 1""",250 lbs,23.0,Sacramento Kings,SAC,https://a.espncdn.com/i/headshots/nba/players/full/4898371.png,1.0,2150917.0,2.0,2025.0,2.0,42.0
3155942,Domantas Sabonis,Domantas Sabonis,11,F,Forward,"6' 10""",240 lbs,30.0,Sacramento Kings,SAC,https://a.espncdn.com/i/headshots/nba/players/full/3155942.png,10.0,45472000.0,2.0,2016.0,1.0,11.0
5106058,Emanuel Sharp,Emanuel Sharp,34,G,Guard,"6' 3""",208 lbs,22.0,Sacramento Kings,SAC,https://a.espncdn.com/i/headshots/nba/players/full/5106058.png,0.0,,,2026.0,2.0,45.0
3907387,Ben Simmons,Ben Simmons,,G,Guard,"6' 10""",240 lbs,30.0,Sacramento Kings,SAC,https://a.espncdn.com/i/headshots/nba/players/full/3907387.png,,,,2016.0,1.0,1.0
6578,Harrison Barnes,Harrison Barnes,40,F,Forward,"6' 7""",225 lbs,34.0,San Antonio Spurs,SA,https://a.espncdn.com/i/headshots/nba/players/full/6578.png,14.0,,,2012.0,1.0,7.0
5105337,Maliq Brown,Maliq Brown,,F,Forward,"6' 9""",215 lbs,22.0,San Antonio Spurs,SA,https://a.espncdn.com/i/headshots/nba/players/full/5105337.png,0.0,,,2026.0,2.0,44.0
5061568,Carter Bryant,Carter Bryant,11,F,Forward,"6' 7""",220 lbs,20.0,San Antonio Spurs,SA,https://a.espncdn.com/i/headshots/nba/players/full/5061568.png,1.0,5145360.0,3.0,2025.0,1.0,14.0
4845367,Stephon Castle,Stephon Castle,5,G,Guard,"6' 6""",215 lbs,21.0,San Antonio Spurs,SA,https://a.espncdn.com/i/headshots/nba/players/full/4845367.png,2.0,10015920.0,2.0,2024.0,1.0,4.0
4592479,Julian Champagnie,Julian Champagnie,30,F,Forward,"6' 7""",217 lbs,25.0,San Antonio Spurs,SA,https://a.espncdn.com/i/headshots/nba/players/full/4592479.png,4.0,3000000.0,1.0,,,
4066259,De'Aaron Fox,De'Aaron Fox,4,G,Guard,"6' 3""",185 lbs,28.0,San Antonio Spurs,SA,https://a.espncdn.com/i/headshots/nba/players/full/4066259.png,9.0,49800000.0,4.0,2017.0,1.0,5.0
5107968,Ja'Kobi Gillespie,Ja'Kobi Gillespie,,G,Guard,"6' 1""",180 lbs,22.0,San Antonio Spurs,SA,https://a.espncdn.com/i/headshots/nba/players/full/5107968.png,0.0,,,2026.0,2.0,42.0
5037871,Dylan Harper,Dylan Harper,2,G,Guard,"6' 5""",215 lbs,20.0,San Antonio Spurs,SA,https://a.espncdn.com/i/headshots/nba/players/full/5037871.png,1.0,12989040.0,3.0,2025.0,1.0,2.0
6440,Tobias Harris,Tobias Harris,,F,Forward,"6' 8""",226 lbs,34.0,San Antonio Spurs,SA,https://a.espncdn.com/i/headshots/nba/players/full/6440.png,15.0,,,2011.0,1.0,19.0
4433618,Harrison Ingram,Harrison Ingram,55,F,Forward,"6' 5""",230 lbs,23.0,San Antonio Spurs,SA,https://a.espncdn.com/i/headshots/nba/players/full/4433618.png,2.0,,,2024.0,2.0,48.0
4395723,Keldon Johnson,Keldon Johnson,3,F,Forward,"6' 5""",220 lbs,26.0,San Antonio Spurs,SA,https://a.espncdn.com/i/headshots/nba/players/full/4395723.png,7.0,17500000.0,1.0,2019.0,1.0,29.0
4713010,David Jones Garcia,David Jones Garcia,25,F,Forward,"6' 4""",210 lbs,24.0,San Antonio Spurs,SA,https://a.espncdn.com/i/headshots/nba/players/full/4713010.png,1.0,,,,,
3064560,Luke Kornet,Luke Kornet,7,C,Center,"7' 1""",250 lbs,31.0,San Antonio Spurs,SA,https://a.espncdn.com/i/headshots/nba/players/full/3064560.png,9.0,10450000.0,3.0,,,
3134916,Jordan McLaughlin,Jordan McLaughlin,0,G,Guard,"6' 0""",185 lbs,30.0,San Antonio Spurs,SA,https://a.espncdn.com/i/headshots/nba/players/full/3134916.png,7.0,,,,,
4432872,Emanuel Miller,Emanuel Miller,14,F,Forward,"6' 7""",215 lbs,26.0,San Antonio Spurs,SA,https://a.espncdn.com/i/headshots/nba/players/full/4432872.png,2.0,0.0,1.0,,,
5101845,Jayden Quaintance,Jayden Quaintance,,F,Forward,"6' 10""",255 lbs,19.0,San Antonio Spurs,SA,https://a.espncdn.com/i/headshots/nba/players/full/5101845.png,0.0,,,2026.0,1.0,20.0
5105809,Tarris Reed Jr.,Tarris Reed Jr.,,C,Center,"6' 10""",270 lbs,23.0,San Antonio Spurs,SA,https://a.espncdn.com/i/headshots/nba/players/full/5105809.png,0.0,,,2026.0,1.0,26.0
4395630,Devin Vassell,Devin Vassell,24,G,Guard,"6' 5""",200 lbs,26.0,San Antonio Spurs,SA,https://a.espncdn.com/i/headshots/nba/players/full/4395630.png,6.0,27000000.0,3.0,2020.0,1.0,11.0
5104157,Victor Wembanyama,Victor Wembanyama,1,F,Forward,"7' 4""",235 lbs,22.0,San Antonio Spurs,SA,https://a.espncdn.com/i/headshots/nba/players/full/5104157.png,3.0,16868245.0,1.0,2023.0,1.0,1.0
2993874,Kyle Anderson,Kyle Anderson,,F,Forward,"6' 8""",230 lbs,32.0,Toronto Raptors,TOR,https://a.espncdn.com/i/headshots/nba/players/full/2993874.png,12.0,,,2014.0,1.0,30.0
4433134,Scottie Barnes,Scottie Barnes,4,F,Forward,"6' 8""",237 lbs,25.0,Toronto Raptors,TOR,https://a.espncdn.com/i/headshots/nba/players/full/4433134.png,5.0,41754690.0,4.0,2021.0,1.0,4.0
4395625,RJ Barrett,RJ Barrett,9,F,Forward,"6' 6""",214 lbs,26.0,Toronto Raptors,TOR,https://a.espncdn.com/i/headshots/nba/players/full/4395625.png,7.0,29616071.0,1.0,2019.0,1.0,3.0
4431893,Jamison Battle,Jamison Battle,77,F,Forward,"6' 7""",220 lbs,25.0,Toronto Raptors,TOR,https://a.espncdn.com/i/headshots/nba/players/full/4431893.png,2.0,2296271.0,1.0,,,
4432586,Nate Bittle,Nate Bittle,,C,Center,"7' 0""",250 lbs,23.0,Toronto Raptors,TOR,,0.0,,,,,
4432737,Jaden Bradley,Jaden Bradley,,G,Guard,"6' 3""",205 lbs,23.0,Toronto Raptors,TOR,https://a.espncdn.com/i/headshots/nba/players/full/4432737.png,0.0,,,2026.0,2.0,50.0
5149115,Allen Graves,Allen Graves,,F,Forward,"6' 8""",225 lbs,20.0,Toronto Raptors,TOR,https://a.espncdn.com/i/headshots/nba/players/full/5149115.png,0.0,,,2026.0,1.0,19.0
4590360,Chucky Hepburn,Chucky Hepburn,24,G,Guard,"6' 0""",193 lbs,23.0,Toronto Raptors,TOR,https://a.espncdn.com/i/headshots/nba/players/full/4590360.png,1.0,,,,,
4432190,Andre Jackson Jr.,Andre Jackson Jr.,44,G,Guard,"6' 6""",209 lbs,24.0,Toronto Raptors,TOR,https://a.espncdn.com/i/headshots/nba/players/full/4432190.png,3.0,,,2023.0,2.0,36.0
4431684,Trayce Jackson-Davis,Trayce Jackson-Davis,32,F,Forward,"6' 9""",245 lbs,26.0,Toronto Raptors,TOR,https://a.espncdn.com/i/headshots/nba/players/full/4431684.png,3.0,2406205.0,1.0,2023.0,2.0,57.0
4395623,Trey Jemison III,Trey Jemison III,,C,Center,"6' 10""",270 lbs,26.0,Toronto Raptors,TOR,https://a.espncdn.com/i/headshots/nba/players/full/4395623.png,3.0,,,,,
4067017,A.J. Lawson,A.J. Lawson,0,G,Guard,"6' 6""",179 lbs,26.0,Toronto Raptors,TOR,https://a.espncdn.com/i/headshots/nba/players/full/4067017.png,4.0,,,,,
6450,Kawhi Leonard,Kawhi Leonard,2,F,Forward,"6' 6""",225 lbs,35.0,Toronto Raptors,TOR,https://a.espncdn.com/i/headshots/nba/players/full/6450.png,15.0,50300000.0,1.0,2011.0,1.0,15.0
4702656,Alijah Martin,Alijah Martin,55,G,Guard,"6' 2""",212 lbs,24.0,Toronto Raptors,TOR,https://a.espncdn.com/i/headshots/nba/players/full/4702656.png,1.0,,,2025.0,2.0,39.0
5093267,Collin Murray-Boyles,Collin Murray-Boyles,30,F,Forward,"6' 7""",245 lbs,21.0,Toronto Raptors,TOR,https://a.espncdn.com/i/headshots/nba/players/full/5093267.png,1.0,6649560.0,3.0,2025.0,1.0,9.0
3134908,Jakob Poeltl,Jakob Poeltl,19,C,Center,"7' 0""",253 lbs,30.0,Toronto Raptors,TOR,https://a.espncdn.com/i/headshots/nba/players/full/3134908.png,10.0,19500000.0,4.0,2016.0,1.0,9.0
4395724,Immanuel Quickley,Immanuel Quickley,5,G,Guard,"6' 2""",190 lbs,27.0,Toronto Raptors,TOR,https://a.espncdn.com/i/headshots/nba/players/full/4395724.png,6.0,32500000.0,3.0,2020.0,1.0,25.0
4432241,Jamal Shead,Jamal Shead,23,G,Guard,"6' 1""",200 lbs,24.0,Toronto Raptors,TOR,https://a.espncdn.com/i/headshots/nba/players/full/4432241.png,2.0,2296271.0,1.0,2024.0,2.0,45.0
4684272,Ja'Kobe Walter,Ja'Kobe Walter,14,G,Guard,"6' 4""",180 lbs,22.0,Toronto Raptors,TOR,https://a.espncdn.com/i/headshots/nba/players/full/4684272.png,2.0,3811800.0,2.0,2024.0,1.0,19.0
4433268,Trey Alexander,Trey Alexander,23,G,Guard,"6' 5""",185 lbs,23.0,Utah Jazz,UTAH,https://a.espncdn.com/i/headshots/nba/players/full/4433268.png,2.0,,,,,
4873138,Ace Bailey,Ace Bailey,19,G,Guard,"6' 9""",200 lbs,20.0,Utah Jazz,UTAH,https://a.espncdn.com/i/headshots/nba/players/full/4873138.png,1.0,9523080.0,3.0,2025.0,1.0,5.0
4277919,Mo Bamba,Mo Bamba,11,C,Center,"7' 0""",231 lbs,28.0,Utah Jazz,UTAH,https://a.espncdn.com/i/headshots/nba/players/full/4277919.png,8.0,,,2018.0,1.0,6.0
4683933,Tamar Bates,Tamar Bates,,G,Guard,"6' 4""",195 lbs,23.0,Utah Jazz,UTAH,https://a.espncdn.com/i/headshots/nba/players/full/4683933.png,0.0,,,,,
4683766,Isaiah Collier,Isaiah Collier,8,G,Guard,"6' 4""",210 lbs,21.0,Utah Jazz,UTAH,https://a.espncdn.com/i/headshots/nba/players/full/4683766.png,2.0,2763960.0,3.0,2024.0,1.0,29.0
4684793,Kyle Filipowski,Kyle Filipowski,22,F,Forward,"6' 11""",250 lbs,22.0,Utah Jazz,UTAH,https://a.espncdn.com/i/headshots/nba/players/full/4684793.png,2.0,3000000.0,2.0,2024.0,2.0,32.0
4433627,Keyonte George,Keyonte George,3,G,Guard,"6' 4""",185 lbs,22.0,Utah Jazz,UTAH,https://a.espncdn.com/i/headshots/nba/players/full/4433627.png,3.0,6563925.0,1.0,2023.0,1.0,16.0
4432811,Josh Green,Josh Green,,G,Guard,"6' 6""",200 lbs,25.0,Utah Jazz,UTAH,https://a.espncdn.com/i/headshots/nba/players/full/4432811.png,6.0,14679012.0,1.0,2020.0,1.0,18.0
4397077,Jaxson Hayes,Jaxson Hayes,,C,Center,"7' 0""",220 lbs,26.0,Utah Jazz,UTAH,https://a.espncdn.com/i/headshots/nba/players/full/4397077.png,7.0,,,2019.0,1.0,8.0
4396963,Blake Hinson,Blake Hinson,2,F,Forward,"6' 8""",230 lbs,26.0,Utah Jazz,UTAH,https://a.espncdn.com/i/headshots/nba/players/full/4396963.png,1.0,0.0,1.0,,,
4277961,Jaren Jackson Jr.,Jaren Jackson Jr.,20,F,Forward,"6' 10""",242 lbs,27.0,Utah Jazz,UTAH,https://a.espncdn.com/i/headshots/nba/players/full/4277961.png,8.0,49000000.0,4.0,2018.0,1.0,4.0
4066336,Lauri Markkanen,Lauri Markkanen,23,F,Forward,"7' 1""",240 lbs,29.0,Utah Jazz,UTAH,https://a.espncdn.com/i/headshots/nba/players/full/4066336.png,9.0,46113154.0,3.0,2017.0,1.0,7.0
4898237,Bez Mbeng,Bez Mbeng,21,G,Guard,"6' 4""",185 lbs,24.0,Utah Jazz,UTAH,,1.0,,,,,
3133602,Svi Mykhailiuk,Svi Mykhailiuk,10,G,Guard,"6' 7""",205 lbs,29.0,Utah Jazz,UTAH,https://a.espncdn.com/i/headshots/nba/players/full/3133602.png,8.0,3850000.0,2.0,2018.0,2.0,47.0
3102530,Jusuf Nurkic,Jusuf Nurkic,30,C,Center,"6' 11""",290 lbs,32.0,Utah Jazz,UTAH,https://a.espncdn.com/i/headshots/nba/players/full/3102530.png,12.0,,,2014.0,1.0,16.0
4065663,Josh Okogie,Josh Okogie,,G,Guard,"6' 4""",213 lbs,28.0,Utah Jazz,UTAH,https://a.espncdn.com/i/headshots/nba/players/full/4065663.png,8.0,,,2018.0,1.0,20.0
5041955,Darryn Peterson,Darryn Peterson,22,G,Guard,"6' 5""",199 lbs,19.0,Utah Jazz,UTAH,https://a.espncdn.com/i/headshots/nba/players/full/5041955.png,0.0,,,2026.0,1.0,2.0
5105839,Brice Sensabaugh,Brice Sensabaugh,28,F,Forward,"6' 6""",235 lbs,22.0,Utah Jazz,UTAH,https://a.espncdn.com/i/headshots/nba/players/full/5105839.png,3.0,4862237.0,1.0,2023.0,1.0,28.0
4432827,Oscar Tshiebwe,Oscar Tshiebwe,34,C,Center,"6' 8""",255 lbs,26.0,Utah Jazz,UTAH,https://a.espncdn.com/i/headshots/nba/players/full/4432827.png,3.0,,,,,
4278129,Deandre Ayton,Deandre Ayton,,C,Center,"7' 0""",252 lbs,28.0,Washington Wizards,WSH,https://a.espncdn.com/i/headshots/nba/players/full/4278129.png,8.0,8104000.0,1.0,2018.0,1.0,1.0
4845374,Bub Carrington,Bub Carrington,7,G,Guard,"6' 4""",190 lbs,21.0,Washington Wizards,WSH,https://a.espncdn.com/i/headshots/nba/players/full/4845374.png,2.0,4900560.0,2.0,2024.0,1.0,14.0
4432907,Justin Champagnie,Justin Champagnie,9,F,Forward,"6' 6""",206 lbs,25.0,Washington Wizards,WSH,https://a.espncdn.com/i/headshots/nba/players/full/4432907.png,5.0,2667944.0,2.0,,,
4432173,Sharife Cooper,Sharife Cooper,13,G,Guard,"6' 0""",176 lbs,25.0,Washington Wizards,WSH,https://a.espncdn.com/i/headshots/nba/players/full/4432173.png,2.0,,,2021.0,2.0,48.0
5104155,Bilal Coulibaly,Bilal Coulibaly,0,G,Guard,"6' 7""",195 lbs,22.0,Washington Wizards,WSH,https://a.espncdn.com/i/headshots/nba/players/full/5104155.png,3.0,9240012.0,1.0,2023.0,1.0,7.0
6583,Anthony Davis,Anthony Davis,23,F,Forward,"6' 10""",253 lbs,33.0,Washington Wizards,WSH,https://a.espncdn.com/i/headshots/nba/players/full/6583.png,14.0,58456566.0,2.0,2012.0,1.0,1.0
5142718,AJ Dybantsa,AJ Dybantsa,4,F,Forward,"6' 9""",217 lbs,19.0,Washington Wizards,WSH,https://a.espncdn.com/i/headshots/nba/players/full/5142718.png,0.0,,,2026.0,1.0,1.0
5174563,Kyshawn George,Kyshawn George,18,F,Forward,"6' 8""",200 lbs,22.0,Washington Wizards,WSH,https://a.espncdn.com/i/headshots/nba/players/full/5174563.png,2.0,3108000.0,2.0,2024.0,1.0,24.0
2581184,Anthony Gill,Anthony Gill,16,F,Forward,"6' 7""",230 lbs,33.0,Washington Wizards,WSH,https://a.espncdn.com/i/headshots/nba/players/full/2581184.png,6.0,,,,,
3947736,Caleb Homesley,Caleb Homesley,,SG,Shooting Guard,"6' 6""",205 lbs,29.0,Washington Wizards,WSH,https://a.espncdn.com/i/headshots/nba/players/full/3947736.png,0.0,,,,,
5238230,Tre Johnson,Tre Johnson,12,G,Guard,"6' 5""",190 lbs,20.0,Washington Wizards,WSH,https://a.espncdn.com/i/headshots/nba/players/full/5238230.png,1.0,8649600.0,3.0,2025.0,1.0,6.0
4432819,Tre Mann,Tre Mann,,G,Guard,"6' 4""",178 lbs,25.0,Washington Wizards,WSH,https://a.espncdn.com/i/headshots/nba/players/full/4432819.png,6.0,8000000.0,2.0,2021.0,1.0,18.0
6609,Khris Middleton,Khris Middleton,22,F,Forward,"6' 7""",222 lbs,35.0,Washington Wizards,WSH,https://a.espncdn.com/i/headshots/nba/players/full/6609.png,14.0,,,2012.0,2.0,39.0
5105841,Felix Okpara,Felix Okpara,,F,Forward,"6' 10""",237 lbs,22.0,Washington Wizards,WSH,https://a.espncdn.com/i/headshots/nba/players/full/5105841.png,0.0,,,2026.0,2.0,46.0
5144126,Will Riley,Will Riley,27,G,Guard,"6' 9""",180 lbs,20.0,Washington Wizards,WSH,https://a.espncdn.com/i/headshots/nba/players/full/5144126.png,1.0,3688320.0,3.0,2025.0,1.0,21.0
5160992,Alex Sarr,Alex Sarr,20,C,Center,"7' 0""",205 lbs,21.0,Washington Wizards,WSH,https://a.espncdn.com/i/headshots/nba/players/full/5160992.png,2.0,12370680.0,2.0,2024.0,1.0,2.0
4997537,Tristan Vukcevic,Tristan Vukcevic,00,F,Forward,"7' 0""",220 lbs,23.0,Washington Wizards,WSH,https://a.espncdn.com/i/headshots/nba/players/full/4997537.png,3.0,3000000.0,2.0,2023.0,2.0,42.0
4606840,Jamir Watkins,Jamir Watkins,5,G,Guard,"6' 6""",210 lbs,25.0,Washington Wizards,WSH,https://a.espncdn.com/i/headshots/nba/players/full/4606840.png,1.0,2150917.0,1.0,2025.0,2.0,43.0
4277905,Trae Young,Trae Young,3,G,Guard,"6' 2""",164 lbs,27.0,Washington Wizards,WSH,https://a.espncdn.com/i/headshots/nba/players/full/4277905.png,8.0,48967380.0,1.0,2018.0,1.0,5.0
