PERSON_ID,DISPLAY_LAST_COMMA_FIRST,DISPLAY_FIRST_LAST,ROSTERSTATUS,FROM_YEAR,TO_YEAR,PLAYERCODE,PLAYER_SLUG,TEAM_ID,TEAM_CITY,TEAM_NAME,TEAM_ABBREVIATION,TEAM_SLUG,TEAM_CODE,GAMES_PLAYED_FLAG,OTHERLEAGUE_EXPERIENCE_CH,SEASON
1630173,"Achiuwa, Precious",Precious Achiuwa,1,2020,2026,precious_achiuwa,precious_achiuwa,1610612758,Sacramento,Kings,SAC,kings,kings,Y,00,2025-26
203500,"Adams, Steven",Steven Adams,1,2013,2026,steven_adams,steven_adams,1610612745,Houston,Rockets,HOU,rockets,rockets,Y,00,2025-26
1628389,"Adebayo, Bam",Bam Adebayo,1,2017,2026,bam_adebayo,bam_adebayo,1610612748,Miami,Heat,MIA,heat,heat,Y,00,2025-26
1630534,"Agbaji, Ochai",Ochai Agbaji,1,2022,2026,ochai_agbaji,ochai_agbaji,1610612751,Brooklyn,Nets,BKN,nets,nets,Y,00,2025-26
1630583,"Aldama, Santi",Santi Aldama,1,2021,2026,santi_aldama,santi_aldama,1610612763,Memphis,Grizzlies,MEM,grizzlies,grizzlies,Y,01,2025-26
1641725,"Alexander, Trey",Trey Alexander,1,2024,2026,trey_alexander,trey_alexander,1610612740,New Orleans,Pelicans,NOP,pelicans,pelicans,Y,11,2025-26
1629638,"Alexander-Walker, Nickeil",Nickeil Alexander-Walker,1,2019,2026,nickeil_alexander-walker,nickeil_alexander-walker,1610612737,Atlanta,Hawks,ATL,hawks,hawks,Y,01,2025-26
1628960,"Allen, Grayson",Grayson Allen,1,2018,2026,grayson_allen,grayson_allen,1610612756,Phoenix,Suns,PHX,suns,suns,Y,01,2025-26
1628386,"Allen, Jarrett",Jarrett Allen,1,2017,2026,jarrett_allen,jarrett_allen,1610612739,Cleveland,Cavaliers,CLE,cavaliers,cavaliers,Y,00,2025-26
1630631,"Alvarado, Jose",Jose Alvarado,1,2021,2026,jose_alvarado,jose_alvarado,1610612752,New York,Knicks,NYK,knicks,knicks,Y,00,2025-26
203937,"Anderson, Kyle",Kyle Anderson,1,2014,2026,kyle_anderson,kyle_anderson,1610612750,Minnesota,Timberwolves,MIN,timberwolves,timberwolves,Y,01,2025-26
1630828,"Antetokounmpo, Alex",Alex Antetokounmpo,1,2025,2025,alex_antetokounmpo,alex_antetokounmpo,1610612749,Milwaukee,Bucks,MIL,bucks,bucks,Y,11,2025-26
203507,"Antetokounmpo, Giannis",Giannis Antetokounmpo,1,2013,2026,giannis_antetokounmpo,giannis_antetokounmpo,1610612749,Milwaukee,Bucks,MIL,bucks,bucks,Y,00,2025-26
203648,"Antetokounmpo, Thanasis",Thanasis Antetokounmpo,1,2015,2025,thanasis_antetokounmpo,thanasis_antetokounmpo,1610612749,Milwaukee,Bucks,MIL,bucks,bucks,Y,01,2025-26
1630175,"Anthony, Cole",Cole Anthony,0,2020,2025,cole_anthony,cole_anthony,0,,,,,,Y,00,2025-26
1628384,"Anunoby, OG",OG Anunoby,1,2017,2026,og_anunoby,og_anunoby,1610612752,New York,Knicks,NYK,knicks,knicks,Y,00,2025-26
1630166,"Avdija, Deni",Deni Avdija,1,2020,2026,deni_avdija,deni_avdija,1610612757,Portland,Trail Blazers,POR,blazers,blazers,Y,00,2025-26
1629028,"Ayton, Deandre",Deandre Ayton,1,2018,2026,deandre_ayton,deandre_ayton,1610612747,Los Angeles,Lakers,LAL,lakers,lakers,Y,00,2025-26
1628963,"Bagley III, Marvin",Marvin Bagley III,1,2018,2026,marvin_bagley_iii,marvin_bagley_iii,1610612742,Dallas,Mavericks,DAL,mavericks,mavericks,Y,00,2025-26
1642846,"Bailey, Ace",Ace Bailey,1,2025,2026,airious_bailey,ace_bailey,1610612762,Utah,Jazz,UTA,jazz,jazz,Y,00,2025-26
1642380,"Bal, Adama",Adama Bal,0,2025,2025,adama_bal,adama_bal,0,,,,,,Y,11,2025-26
1631116,"Baldwin Jr., Patrick",Patrick Baldwin Jr.,1,2022,2025,patrick_baldwin_jr,patrick_baldwin_jr,1610612758,Sacramento,Kings,SAC,kings,kings,Y,11,2025-26
1630163,"Ball, LaMelo",LaMelo Ball,1,2020,2026,lamelo_ball,lamelo_ball,1610612766,Charlotte,Hornets,CHA,hornets,hornets,Y,00,2025-26
1628366,"Ball, Lonzo",Lonzo Ball,0,2017,2025,lonzo_ball,lonzo_ball,0,,,,,,Y,00,2025-26
1628964,"Bamba, Mo",Mo Bamba,0,2018,2026,mohamed_bamba,mo_bamba,0,,,,,,Y,11,2025-26
1631094,"Banchero, Paolo",Paolo Banchero,1,2022,2026,paolo_banchero,paolo_banchero,1610612753,Orlando,Magic,ORL,magic,magic,Y,00,2025-26
1630217,"Bane, Desmond",Desmond Bane,1,2020,2026,desmond_bane,desmond_bane,1610612753,Orlando,Magic,ORL,magic,magic,Y,00,2025-26
1630625,"Banton, Dalano",Dalano Banton,1,2021,2025,dalano_banton,dalano_banton,1610612738,Boston,Celtics,BOS,celtics,celtics,Y,11,2025-26
1631230,"Barlow, Dominick",Dominick Barlow,1,2022,2026,dominick_barlow,dominick_barlow,1610612755,Philadelphia,76ers,PHI,sixers,sixers,Y,01,2025-26
203084,"Barnes, Harrison",Harrison Barnes,1,2012,2026,harrison_barnes,harrison_barnes,1610612759,San Antonio,Spurs,SAS,spurs,spurs,Y,00,2025-26
1630567,"Barnes, Scottie",Scottie Barnes,1,2021,2026,scottie_barnes,scottie_barnes,1610612761,Toronto,Raptors,TOR,raptors,raptors,Y,00,2025-26
1642964,"Barnhizer, Brooks",Brooks Barnhizer,1,2025,2026,brooks_barnhizer,brooks_barnhizer,1610612760,Oklahoma City,Thunder,OKC,thunder,thunder,Y,11,2025-26
1629628,"Barrett, RJ",RJ Barrett,1,2019,2026,rj_barrett,rj_barrett,1610612761,Toronto,Raptors,TOR,raptors,raptors,Y,00,2025-26
1629646,"Bassey, Charles",Charles Bassey,1,2021,2026,charles_bassey,charles_bassey,1610612744,Golden State,Warriors,GSW,warriors,warriors,Y,11,2025-26
1642419,"Battle, Jamison",Jamison Battle,1,2024,2026,jamison_battle,jamison_battle,1610612761,Toronto,Raptors,TOR,raptors,raptors,Y,11,2025-26
201587,"Batum, Nicolas",Nicolas Batum,1,2008,2026,nicolas_batum,nicolas_batum,1610612746,LA,Clippers,LAC,clippers,clippers,Y,00,2025-26
203078,"Beal, Bradley",Bradley Beal,1,2012,2026,bradley_beal,bradley_beal,1610612746,LA,Clippers,LAC,clippers,clippers,Y,00,2025-26
1630699,"Beauchamp, MarJon",MarJon Beauchamp,1,2022,2026,marjon_beauchamp,marjon_beauchamp,1610612755,Philadelphia,76ers,PHI,sixers,sixers,Y,11,2025-26
1642866,"Beringer, Joan",Joan Beringer,1,2025,2026,joan_beringer,joan_beringer,1610612750,Minnesota,Timberwolves,MIN,timberwolves,timberwolves,Y,11,2025-26
1630180,"Bey, Saddiq",Saddiq Bey,1,2020,2026,saddiq_bey,saddiq_bey,1610612740,New Orleans,Pelicans,NOP,pelicans,pelicans,Y,00,2025-26
1629048,"Bitadze, Goga",Goga Bitadze,1,2019,2026,goga_bitadze,goga_bitadze,1610612753,Orlando,Magic,ORL,magic,magic,Y,01,2025-26
202687,"Biyombo, Bismack",Bismack Biyombo,1,2011,2025,bismack_biyombo,bismack_biyombo,1610612759,San Antonio,Spurs,SAS,spurs,spurs,Y,00,2025-26
1641710,"Black, Anthony",Anthony Black,1,2023,2026,anthony_black,anthony_black,1610612753,Orlando,Magic,ORL,magic,magic,Y,00,2025-26
1641778,"Black, Leaky",Leaky Black,1,2023,2025,leaky_black,leaky_black,1610612764,Washington,Wizards,WAS,wizards,wizards,Y,11,2025-26
1631205,"Boeheim, Buddy",Buddy Boeheim,0,2022,2025,buddy_boheim,buddy_boeheim,0,,,,,,Y,11,2025-26
203992,"Bogdanović, Bogdan",Bogdan Bogdanović,1,2017,2026,bogdan_bogdanovic,bogdan_bogdanović,1610612746,LA,Clippers,LAC,clippers,clippers,Y,00,2025-26
1641737,"Bona, Adem",Adem Bona,1,2024,2026,adem_bona,adem_bona,1610612755,Philadelphia,76ers,PHI,sixers,sixers,Y,00,2025-26
1626164,"Booker, Devin",Devin Booker,1,2015,2026,devin_booker,devin_booker,1610612756,Phoenix,Suns,PHX,suns,suns,Y,00,2025-26
1628449,"Boucher, Chris",Chris Boucher,0,2017,2025,chris_boucher,chris_boucher,0,,,,,,Y,01,2025-26
1631123,"Bouyea, Jamaree",Jamaree Bouyea,1,2022,2026,jamaree_bouyea,jamaree_bouyea,1610612756,Phoenix,Suns,PHX,suns,suns,Y,11,2025-26
1628396,"Bradley, Tony",Tony Bradley,1,2017,2026,tony_bradley,tony_bradley,1610612737,Atlanta,Hawks,ATL,hawks,hawks,Y,01,2025-26
1631103,"Branham, Malaki",Malaki Branham,0,2022,2026,malaki_branham,malaki_branham,0,,,,,,Y,11,2025-26
1631128,"Braun, Christian",Christian Braun,1,2022,2026,christian_braun,christian_braun,1610612743,Denver,Nuggets,DEN,nuggets,nuggets,Y,00,2025-26
1642886,"Brea, Koby",Koby Brea,1,2025,2026,kobe_brea,koby_brea,1610612756,Phoenix,Suns,PHX,suns,suns,Y,11,2025-26
1628969,"Bridges, Mikal",Mikal Bridges,1,2018,2026,mikal_bridges,mikal_bridges,1610612752,New York,Knicks,NYK,knicks,knicks,Y,00,2025-26
1628970,"Bridges, Miles",Miles Bridges,1,2018,2026,miles_bridges,miles_bridges,1610612766,Charlotte,Hornets,CHA,hornets,hornets,Y,00,2025-26
1628415,"Brooks, Dillon",Dillon Brooks,1,2017,2026,dillon_brooks,dillon_brooks,1610612756,Phoenix,Suns,PHX,suns,suns,Y,00,2025-26
1641780,"Broome, Johni",Johni Broome,1,2025,2026,johni_broome,johni_broome,1610612755,Philadelphia,76ers,PHI,sixers,sixers,Y,11,2025-26
1628971,"Brown, Bruce",Bruce Brown,1,2018,2026,bruce_brown,bruce_brown,1610612743,Denver,Nuggets,DEN,nuggets,nuggets,Y,01,2025-26
1627759,"Brown, Jaylen",Jaylen Brown,1,2016,2026,jaylen_brown,jaylen_brown,1610612738,Boston,Celtics,BOS,celtics,celtics,Y,00,2025-26
1641738,"Brown, Kobe",Kobe Brown,1,2023,2026,kobe_brown,kobe_brown,1610612754,Indiana,Pacers,IND,pacers,pacers,Y,11,2025-26
1642468,"Brown II, Darius",Darius Brown II,0,2025,2025,darius_brown,darius_brown_ii,0,,,,,,Y,11,2025-26
1628973,"Brunson, Jalen",Jalen Brunson,1,2018,2026,jalen_brunson,jalen_brunson,1610612752,New York,Knicks,NYK,knicks,knicks,Y,00,2025-26
1642868,"Bryant, Carter",Carter Bryant,1,2025,2026,carter_bryant,carter_bryant,1610612759,San Antonio,Spurs,SAS,spurs,spurs,Y,11,2025-26
1628418,"Bryant, Thomas",Thomas Bryant,1,2017,2026,thomas_bryant,thomas_bryant,1610612739,Cleveland,Cavaliers,CLE,cavaliers,cavaliers,Y,01,2025-26
1641723,"Bufkin, Kobe",Kobe Bufkin,0,2023,2026,kobe_bufkin,kobe_bufkin,0,,,,,,Y,11,2025-26
1631174,"Burton, Tyler",Tyler Burton,0,2025,2025,tyler_burton,tyler_burton,0,,,,,,Y,11,2025-26
202710,"Butler III, Jimmy",Jimmy Butler III,1,2011,2026,jimmy_butler,jimmy_butler_iii,1610612744,Golden State,Warriors,GSW,warriors,warriors,Y,00,2025-26
1641824,"Buzelis, Matas",Matas Buzelis,1,2024,2026,matas_buzelis,matas_buzelis,1610612741,Chicago,Bulls,CHI,bulls,bulls,Y,01,2025-26
1631288,"Cain, Jamal",Jamal Cain,1,2022,2026,jamal_cain,jamal_cain,1610612753,Orlando,Magic,ORL,magic,magic,Y,01,2025-26
203484,"Caldwell-Pope, Kentavious",Kentavious Caldwell-Pope,1,2013,2026,kentavious_caldwell-pope,kentavious_caldwell-pope,1610612763,Memphis,Grizzlies,MEM,grizzlies,grizzlies,Y,00,2025-26
1641739,"Camara, Toumani",Toumani Camara,1,2023,2026,toumani_camara,toumani_camara,1610612757,Portland,Trail Blazers,POR,blazers,blazers,Y,00,2025-26
203991,"Capela, Clint",Clint Capela,1,2014,2026,clint_capela,clint_capela,1610612745,Houston,Rockets,HOU,rockets,rockets,Y,01,2025-26
1642928,"Cardwell, Dylan",Dylan Cardwell,1,2025,2026,dylan_cardwell,dylan_cardwell,1610612758,Sacramento,Kings,SAC,kings,kings,Y,11,2025-26
1642382,"Carlson, Branden",Branden Carlson,1,2024,2026,branden_carlson,branden_carlson,1610612760,Oklahoma City,Thunder,OKC,thunder,thunder,Y,01,2025-26
1642267,"Carrington, Bub",Bub Carrington,1,2024,2026,carlton_carrington,bub_carrington,1610612764,Washington,Wizards,WAS,wizards,wizards,Y,00,2025-26
1642269,"Carter, Devin",Devin Carter,1,2024,2026,tmp_devin_carter,devin_carter,1610612758,Sacramento,Kings,SAC,kings,kings,Y,11,2025-26
1628975,"Carter, Jevon",Jevon Carter,1,2018,2026,jevon_carter,jevon_carter,1610612753,Orlando,Magic,ORL,magic,magic,Y,01,2025-26
1628976,"Carter Jr., Wendell",Wendell Carter Jr.,1,2018,2026,wendell_carter_jr,wendell_carter_jr,1610612753,Orlando,Magic,ORL,magic,magic,Y,00,2025-26
1627936,"Caruso, Alex",Alex Caruso,1,2017,2026,alex_caruso,alex_caruso,1610612760,Oklahoma City,Thunder,OKC,thunder,thunder,Y,01,2025-26
1642264,"Castle, Stephon",Stephon Castle,1,2024,2026,stephen_castle,stephon_castle,1610612759,San Antonio,Spurs,SAS,spurs,spurs,Y,00,2025-26
1630658,"Castleton, Colin",Colin Castleton,1,2023,2026,colin_castleton,colin_castleton,1610612753,Orlando,Magic,ORL,magic,magic,Y,11,2025-26
1630577,"Champagnie, Julian",Julian Champagnie,1,2022,2026,julian_champagnie,julian_champagnie,1610612759,San Antonio,Spurs,SAS,spurs,spurs,Y,01,2025-26
1630551,"Champagnie, Justin",Justin Champagnie,1,2021,2026,justin_champagnie,justin_champagnie,1610612764,Washington,Wizards,WAS,wizards,wizards,Y,01,2025-26
1631113,"Chandler, Kennedy",Kennedy Chandler,0,2022,2025,kennedy_chandler,kennedy_chandler,0,,,,,,Y,11,2025-26
1642353,"Christie, Cam",Cam Christie,1,2024,2026,cam_christie,cam_christie,1610612746,LA,Clippers,LAC,clippers,clippers,Y,01,2025-26
1631108,"Christie, Max",Max Christie,1,2022,2026,max_christie,max_christie,1610612742,Dallas,Mavericks,DAL,mavericks,mavericks,Y,01,2025-26
1630619,"Cisse, Moussa",Moussa Cisse,1,2025,2026,tmp_moussa_cisse,moussa_cisse,1610612742,Dallas,Mavericks,DAL,mavericks,mavericks,Y,11,2025-26
1631321,"Cissoko, Sidy",Sidy Cissoko,1,2023,2026,sidy_cissoko,sidy_cissoko,1610612757,Portland,Trail Blazers,POR,blazers,blazers,Y,01,2025-26
1641740,"Clark, Jaylen",Jaylen Clark,1,2023,2026,jaylen_clark,jaylen_clark,1610612750,Minnesota,Timberwolves,MIN,timberwolves,timberwolves,Y,01,2025-26
1629634,"Clarke, Brandon",Brandon Clarke,1,2019,2025,brandon_clarke,brandon_clarke,1610612763,Memphis,Grizzlies,MEM,grizzlies,grizzlies,Y,00,2025-26
203903,"Clarkson, Jordan",Jordan Clarkson,1,2014,2026,jordan_clarkson,jordan_clarkson,1610612752,New York,Knicks,NYK,knicks,knicks,Y,01,2025-26
1629651,"Claxton, Nic",Nic Claxton,1,2019,2026,nicolas_claxton,nic_claxton,1610612751,Brooklyn,Nets,BKN,nets,nets,Y,01,2025-26
1642383,"Clayton Jr., Walter",Walter Clayton Jr.,1,2025,2026,walter_clayton_jr,walter_clayton_jr,1610612763,Memphis,Grizzlies,MEM,grizzlies,grizzlies,Y,00,2025-26
1642363,"Clifford, Nique",Nique Clifford,1,2025,2026,nique_clifford,nique_clifford,1610612758,Sacramento,Kings,SAC,kings,kings,Y,00,2025-26
1642270,"Clingan, Donovan",Donovan Clingan,1,2024,2026,donovan_clingan,donovan_clingan,1610612757,Portland,Trail Blazers,POR,blazers,blazers,Y,00,2025-26
1641730,"Clowney, Noah",Noah Clowney,1,2023,2026,noah_clowney,noah_clowney,1610612751,Brooklyn,Nets,BKN,nets,nets,Y,01,2025-26
1629599,"Coffey, Amir",Amir Coffey,1,2019,2026,amir_coffey,amir_coffey,1610612756,Phoenix,Suns,PHX,suns,suns,Y,01,2025-26
1642268,"Collier, Isaiah",Isaiah Collier,1,2024,2026,tmp_isaiah_collier,isaiah_collier,1610612762,Utah,Jazz,UTA,jazz,jazz,Y,00,2025-26
1628381,"Collins, John",John Collins,1,2017,2026,john_collins,john_collins,1610612746,LA,Clippers,LAC,clippers,clippers,Y,00,2025-26
1628380,"Collins, Zach",Zach Collins,1,2017,2026,zach_collins,zach_collins,1610612741,Chicago,Bulls,CHI,bulls,bulls,Y,01,2025-26
201144,"Conley, Mike",Mike Conley,1,2007,2026,mike_conley,mike_conley,1610612750,Minnesota,Timberwolves,MIN,timberwolves,timberwolves,Y,00,2025-26
1626192,"Connaughton, Pat",Pat Connaughton,1,2015,2026,pat_connaughton,pat_connaughton,1610612766,Charlotte,Hornets,CHA,hornets,hornets,Y,00,2025-26
1631451,"Cooke, Javonte",Javonte Cooke,0,2025,2025,javonte_cooke,javonte_cooke,0,,,,,,Y,11,2025-26
1630536,"Cooper, Sharife",Sharife Cooper,1,2021,2026,sharife_cooper,sharife_cooper,1610612764,Washington,Wizards,WAS,wizards,wizards,Y,11,2025-26
1641731,"Coulibaly, Bilal",Bilal Coulibaly,1,2023,2026,bilal_coulibaly,bilal_coulibaly,1610612764,Washington,Wizards,WAS,wizards,wizards,Y,00,2025-26
1642907,"Coward, Cedric",Cedric Coward,1,2025,2026,cedric_coward,cedric_coward,1610612763,Memphis,Grizzlies,MEM,grizzlies,grizzlies,Y,00,2025-26
1642384,"Crawford, Isaiah",Isaiah Crawford,1,2024,2026,isaiah_crawford,isaiah_crawford,1610612745,Houston,Rockets,HOU,rockets,rockets,Y,11,2025-26
1643018,"Cryer, LJ",LJ Cryer,1,2025,2026,lj_cryer,lj_cryer,1610612744,Golden State,Warriors,GSW,warriors,warriors,Y,11,2025-26
1630595,"Cunningham, Cade",Cade Cunningham,1,2021,2026,cade_cunningham,cade_cunningham,1610612765,Detroit,Pistons,DET,pistons,pistons,Y,00,2025-26
203552,"Curry, Seth",Seth Curry,1,2013,2026,seth_curry,seth_curry,1610612744,Golden State,Warriors,GSW,warriors,warriors,Y,01,2025-26
201939,"Curry, Stephen",Stephen Curry,1,2009,2026,stephen_curry,stephen_curry,1610612744,Golden State,Warriors,GSW,warriors,warriors,Y,00,2025-26
1642359,"Dadiet, Pacôme",Pacôme Dadiet,1,2024,2026,pacome_dadiet,pacôme_dadiet,1610612752,New York,Knicks,NYK,knicks,knicks,Y,11,2025-26
1630700,"Daniels, Dyson",Dyson Daniels,1,2022,2026,dyson_daniels,dyson_daniels,1610612737,Atlanta,Hawks,ATL,hawks,hawks,Y,01,2025-26
1642368,"Dante, N'Faly",N'Faly Dante,0,2024,2025,nfaly_dante,nfaly_dante,0,,,,,,Y,11,2025-26
203076,"Davis, Anthony",Anthony Davis,1,2012,2026,anthony_davis,anthony_davis,1610612764,Washington,Wizards,WAS,wizards,wizards,Y,00,2025-26
1631120,"Davison, JD",JD Davison,1,2022,2026,jd_davison,jd_davison,1610612745,Houston,Rockets,HOU,rockets,rockets,Y,11,2025-26
201942,"DeRozan, DeMar",DeMar DeRozan,1,2009,2026,demar_derozan,demar_derozan,1610612758,Sacramento,Kings,SAC,kings,kings,Y,00,2025-26
1642484,"Dennis, RayJ",RayJ Dennis,1,2024,2026,rayj_dennis,rayj_dennis,1610612737,Atlanta,Hawks,ATL,hawks,hawks,Y,11,2025-26
1628978,"DiVincenzo, Donte",Donte DiVincenzo,1,2018,2026,donte_divincenzo,donte_divincenzo,1610612750,Minnesota,Timberwolves,MIN,timberwolves,timberwolves,Y,01,2025-26
1631217,"Diabaté, Moussa",Moussa Diabaté,1,2022,2026,moussa_diabate,moussa_diabaté,1610612766,Charlotte,Hornets,CHA,hornets,hornets,Y,01,2025-26
1642885,"Diawara, Mohamed",Mohamed Diawara,1,2025,2026,mohamed_diawara,mohamed_diawara,1610612752,New York,Knicks,NYK,knicks,knicks,Y,11,2025-26
1641711,"Dick, Gradey",Gradey Dick,1,2023,2026,gradey_dick,gradey_dick,1610612761,Toronto,Raptors,TOR,raptors,raptors,Y,01,2025-26
1630621,"Dickinson, Hunter",Hunter Dickinson,1,2025,2025,hunter_dickinson,hunter_dickinson,1610612740,New Orleans,Pelicans,NOP,pelicans,pelicans,Y,11,2025-26
1631172,"Dieng, Ousmane",Ousmane Dieng,1,2022,2026,ousmane_dieng,ousmane_dieng,1610612749,Milwaukee,Bucks,MIL,bucks,bucks,Y,01,2025-26
1642265,"Dillingham, Rob",Rob Dillingham,1,2024,2026,rob_dillingham,rob_dillingham,1610612741,Chicago,Bulls,CHI,bulls,bulls,Y,01,2025-26
1629029,"Dončić, Luka",Luka Dončić,1,2018,2026,luka_don,luka_dončić,1610612747,Los Angeles,Lakers,LAL,lakers,lakers,Y,00,2025-26
1629652,"Dort, Luguentz",Luguentz Dort,1,2019,2026,luguentz_dort,luguentz_dort,1610612760,Oklahoma City,Thunder,OKC,thunder,thunder,Y,01,2025-26
1630245,"Dosunmu, Ayo",Ayo Dosunmu,1,2021,2026,ayo_dosunmu,ayo_dosunmu,1610612750,Minnesota,Timberwolves,MIN,timberwolves,timberwolves,Y,00,2025-26
203083,"Drummond, Andre",Andre Drummond,1,2012,2026,andre_drummond,andre_drummond,1610612755,Philadelphia,76ers,PHI,sixers,sixers,Y,00,2025-26
1627739,"Dunn, Kris",Kris Dunn,1,2016,2026,kris_dunn,kris_dunn,1610612746,LA,Clippers,LAC,clippers,clippers,Y,01,2025-26
1642346,"Dunn, Ryan",Ryan Dunn,1,2024,2026,ryan_dunn,ryan_dunn,1610612756,Phoenix,Suns,PHX,suns,suns,Y,00,2025-26
201142,"Durant, Kevin",Kevin Durant,1,2007,2026,kevin_durant,kevin_durant,1610612745,Houston,Rockets,HOU,rockets,rockets,Y,00,2025-26
1631105,"Duren, Jalen",Jalen Duren,1,2022,2026,jalen_duren,jalen_duren,1610612765,Detroit,Pistons,DET,pistons,pistons,Y,00,2025-26
1642856,"Dëmin, Egor",Egor Dëmin,1,2025,2026,tmp_egor_demin,egor_dëmin,1610612751,Brooklyn,Nets,BKN,nets,nets,Y,00,2025-26
1631106,"Eason, Tari",Tari Eason,1,2022,2026,tari_eason,tari_eason,1610612745,Houston,Rockets,HOU,rockets,rockets,Y,00,2025-26
1641744,"Edey, Zach",Zach Edey,1,2024,2026,zach_edey,zach_edey,1610612763,Memphis,Grizzlies,MEM,grizzlies,grizzlies,Y,00,2025-26
1642845,"Edgecombe, VJ",VJ Edgecombe,1,2025,2026,valdez_edgecombe,vj_edgecombe,1610612755,Philadelphia,76ers,PHI,sixers,sixers,Y,00,2025-26
1630162,"Edwards, Anthony",Anthony Edwards,1,2020,2026,anthony_edwards,anthony_edwards,1610612750,Minnesota,Timberwolves,MIN,timberwolves,timberwolves,Y,00,2025-26
1642348,"Edwards, Justin",Justin Edwards,1,2024,2026,tmp_justin_edwards,justin_edwards,1610612755,Philadelphia,76ers,PHI,sixers,sixers,Y,11,2025-26
1631165,"Ellis, Keon",Keon Ellis,1,2022,2026,keon_ellis,keon_ellis,1610612739,Cleveland,Cavaliers,CLE,cavaliers,cavaliers,Y,01,2025-26
203954,"Embiid, Joel",Joel Embiid,1,2014,2026,joel_embiid,joel_embiid,1610612755,Philadelphia,76ers,PHI,sixers,sixers,Y,00,2025-26
1642400,"Enaruna, Tristan",Tristan Enaruna,1,2025,2026,tristan_enaruna,tristan_enaruna,1610612739,Cleveland,Cavaliers,CLE,cavaliers,cavaliers,Y,11,2025-26
1642855,"Essengue, Noa",Noa Essengue,1,2025,2026,tmp_noa_essengue,noa_essengue,1610612741,Chicago,Bulls,CHI,bulls,bulls,Y,00,2025-26
1630623,"Etienne, Tyson",Tyson Etienne,1,2024,2025,tyson_etienne,tyson_etienne,1610612751,Brooklyn,Nets,BKN,nets,nets,Y,11,2025-26
1629234,"Eubanks, Drew",Drew Eubanks,1,2018,2026,drew_eubanks,drew_eubanks,1610612758,Sacramento,Kings,SAC,kings,kings,Y,01,2025-26
1641787,"Evbuomwan, Tosan",Tosan Evbuomwan,1,2023,2025,tosan_evbuomwan,tosan_evbuomwan,1610612766,Charlotte,Hornets,CHA,hornets,hornets,Y,11,2025-26
1642847,"Fears, Jeremiah",Jeremiah Fears,1,2025,2026,jeremiah_fears,jeremiah_fears,1610612740,New Orleans,Pelicans,NOP,pelicans,pelicans,Y,00,2025-26
1642271,"Filipowski, Kyle",Kyle Filipowski,1,2024,2026,kyle_filipowski,kyle_filipowski,1610612762,Utah,Jazz,UTA,jazz,jazz,Y,00,2025-26
1627827,"Finney-Smith, Dorian",Dorian Finney-Smith,1,2016,2026,dorian_finney-smith,dorian_finney-smith,1610612745,Houston,Rockets,HOU,rockets,rockets,Y,00,2025-26
1642843,"Flagg, Cooper",Cooper Flagg,1,2025,2026,tmp_cooper_flagg,cooper_flagg,1610612742,Dallas,Mavericks,DAL,mavericks,mavericks,Y,00,2025-26
1642853,"Fleming, Rasheer",Rasheer Fleming,1,2025,2026,rasheer_fleming,rasheer_fleming,1610612756,Phoenix,Suns,PHX,suns,suns,Y,11,2025-26
1642280,"Flowers, Trentyn",Trentyn Flowers,0,2024,2025,trentyn_flowers,trentyn_flowers,0,,,,,,Y,11,2025-26
1631323,"Fontecchio, Simone",Simone Fontecchio,1,2022,2026,simone_fontecchio,simone_fontecchio,1610612748,Miami,Heat,MIA,heat,heat,Y,00,2025-26
1628368,"Fox, De'Aaron",De'Aaron Fox,1,2017,2026,de'aaron_fox,deaaron_fox,1610612759,San Antonio,Spurs,SAS,spurs,spurs,Y,00,2025-26
1642402,"Freeman, Enrique",Enrique Freeman,1,2024,2026,enrique_freeman,enrique_freeman,1610612750,Minnesota,Timberwolves,MIN,timberwolves,timberwolves,Y,11,2025-26
1628365,"Fultz, Markelle",Markelle Fultz,0,2017,2025,markelle_fultz,markelle_fultz,0,,,,,,Y,11,2025-26
1642277,"Furphy, Johnny",Johnny Furphy,1,2024,2026,johnny_furphy,johnny_furphy,1610612754,Indiana,Pacers,IND,pacers,pacers,Y,01,2025-26
1629655,"Gafford, Daniel",Daniel Gafford,1,2019,2026,daniel_gafford,daniel_gafford,1610612742,Dallas,Mavericks,DAL,mavericks,mavericks,Y,01,2025-26
1643158,"Garcia, Andersson",Andersson Garcia,0,2025,2025,andersson_garcia,andersson_garcia,0,,,,,,Y,11,2025-26
1642066,"Gardner, Myron",Myron Gardner,1,2025,2026,myron_gardner,myron_gardner,1610612748,Miami,Heat,MIA,heat,heat,Y,11,2025-26
1629636,"Garland, Darius",Darius Garland,1,2019,2026,darius_garland,darius_garland,1610612746,LA,Clippers,LAC,clippers,clippers,Y,00,2025-26
1630568,"Garza, Luka",Luka Garza,1,2021,2026,luka_garza,luka_garza,1610612738,Boston,Celtics,BOS,celtics,celtics,Y,01,2025-26
1641718,"George, Keyonte",Keyonte George,1,2023,2026,keyonte_george,keyonte_george,1610612762,Utah,Jazz,UTA,jazz,jazz,Y,00,2025-26
1642273,"George, Kyshawn",Kyshawn George,1,2024,2026,kyshawn_george,kyshawn_george,1610612764,Washington,Wizards,WAS,wizards,wizards,Y,00,2025-26
202331,"George, Paul",Paul George,1,2010,2026,paul_george,paul_george,1610612755,Philadelphia,76ers,PHI,sixers,sixers,Y,00,2025-26
201959,"Gibson, Taj",Taj Gibson,1,2009,2025,taj_gibson,taj_gibson,1610612763,Memphis,Grizzlies,MEM,grizzlies,grizzlies,Y,00,2025-26
1630581,"Giddey, Josh",Josh Giddey,1,2021,2026,josh_giddey,josh_giddey,1610612741,Chicago,Bulls,CHI,bulls,bulls,Y,00,2025-26
1642933,"Gilbert, Keshon",Keshon Gilbert,1,2025,2026,keshon_gilbert,keshon_gilbert,1610612737,Atlanta,Hawks,ATL,hawks,hawks,Y,11,2025-26
1628983,"Gilgeous-Alexander, Shai",Shai Gilgeous-Alexander,1,2018,2026,shai_gilgeous-alexander,shai_gilgeous-alexander,1610612760,Oklahoma City,Thunder,OKC,thunder,thunder,Y,00,2025-26
1630264,"Gill, Anthony",Anthony Gill,1,2020,2026,anthony_gill,anthony_gill,1610612764,Washington,Wizards,WAS,wizards,wizards,Y,00,2025-26
1631221,"Gillespie, Collin",Collin Gillespie,1,2022,2026,collin_gillespie,collin_gillespie,1610612756,Phoenix,Suns,PHX,suns,suns,Y,01,2025-26
203497,"Gobert, Rudy",Rudy Gobert,1,2013,2026,rudy_gobert,rudy_gobert,1610612750,Minnesota,Timberwolves,MIN,timberwolves,timberwolves,Y,01,2025-26
1642884,"Goldin, Vladislav",Vladislav Goldin,1,2025,2026,vladislav_goldin,vladislav_goldin,1610612748,Miami,Heat,MIA,heat,heat,Y,11,2025-26
1642864,"González, Hugo",Hugo González,1,2025,2026,hugo_gonzález,hugo_gonzález,1610612738,Boston,Celtics,BOS,celtics,celtics,Y,00,2025-26
1630692,"Goodwin, Jordan",Jordan Goodwin,1,2021,2026,jordan_goodwin,jordan_goodwin,1610612756,Phoenix,Suns,PHX,suns,suns,Y,01,2025-26
203932,"Gordon, Aaron",Aaron Gordon,1,2014,2026,aaron_gordon,aaron_gordon,1610612743,Denver,Nuggets,DEN,nuggets,nuggets,Y,00,2025-26
201569,"Gordon, Eric",Eric Gordon,0,2008,2025,eric_gordon,eric_gordon,0,,,,,,Y,00,2025-26
203924,"Grant, Jerami",Jerami Grant,1,2014,2026,jerami_grant,jerami_grant,1610612757,Portland,Trail Blazers,POR,blazers,blazers,Y,00,2025-26
1643060,"Gray, Hayden",Hayden Gray,1,2025,2026,hayden_gray,hayden_gray,1610612762,Utah,Jazz,UTA,jazz,jazz,Y,11,2025-26
1631260,"Green, AJ",AJ Green,1,2022,2026,aj_green,aj_green,1610612749,Milwaukee,Bucks,MIL,bucks,bucks,Y,01,2025-26
203110,"Green, Draymond",Draymond Green,1,2012,2026,draymond_green,draymond_green,1610612744,Golden State,Warriors,GSW,warriors,warriors,Y,00,2025-26
1630224,"Green, Jalen",Jalen Green,1,2021,2026,jalen_green,jalen_green,1610612756,Phoenix,Suns,PHX,suns,suns,Y,01,2025-26
1629750,"Green, Javonte",Javonte Green,1,2019,2026,javonte_green,javonte_green,1610612765,Detroit,Pistons,DET,pistons,pistons,Y,01,2025-26
201145,"Green, Jeff",Jeff Green,1,2007,2026,jeff_green,jeff_green,1610612745,Houston,Rockets,HOU,rockets,rockets,Y,00,2025-26
1630182,"Green, Josh",Josh Green,1,2020,2026,josh_green,josh_green,1610612766,Charlotte,Hornets,CHA,hornets,hornets,Y,01,2025-26
1629656,"Grimes, Quentin",Quentin Grimes,1,2021,2026,quentin_grimes,quentin_grimes,1610612755,Philadelphia,76ers,PHI,sixers,sixers,Y,00,2025-26
1631338,"Gueye, Mouhamadou",Mouhamadou Gueye,1,2023,2025,mouhamadou_gueye,mouhamadou_gueye,1610612741,Chicago,Bulls,CHI,bulls,bulls,Y,11,2025-26
1631243,"Gueye, Mouhamed",Mouhamed Gueye,1,2023,2026,mouhamed_gueye,mouhamed_gueye,1610612737,Atlanta,Hawks,ATL,hawks,hawks,Y,01,2025-26
1629060,"Hachimura, Rui",Rui Hachimura,1,2019,2026,rui_hachimura,rui_hachimura,1610612747,Los Angeles,Lakers,LAL,lakers,lakers,Y,00,2025-26
1641790,"Hall, PJ",PJ Hall,1,2024,2026,pj_hall,pj_hall,1610612766,Charlotte,Hornets,CHA,hornets,hornets,Y,11,2025-26
203501,"Hardaway Jr., Tim",Tim Hardaway Jr.,1,2013,2026,tim_hardaway_jr,tim_hardaway_jr,1610612743,Denver,Nuggets,DEN,nuggets,nuggets,Y,01,2025-26
201935,"Harden, James",James Harden,1,2009,2026,james_harden,james_harden,1610612739,Cleveland,Cavaliers,CLE,cavaliers,cavaliers,Y,00,2025-26
1630702,"Hardy, Jaden",Jaden Hardy,1,2022,2026,jaden_hardy,jaden_hardy,1610612764,Washington,Wizards,WAS,wizards,wizards,Y,00,2025-26
1641989,"Harkless, Elijah",Elijah Harkless,1,2024,2026,elijah_harkless,elijah_harkless,1610612762,Utah,Jazz,UTA,jazz,jazz,Y,11,2025-26
1642844,"Harper, Dylan",Dylan Harper,1,2025,2026,tmp_dylan_harper,dylan_harper,1610612759,San Antonio,Spurs,SAS,spurs,spurs,Y,00,2025-26
1631199,"Harper Jr., Ron",Ron Harper Jr.,1,2022,2026,ron_harper_jr,ron_harper_jr,1610612738,Boston,Celtics,BOS,celtics,celtics,Y,11,2025-26
203914,"Harris, Gary",Gary Harris,1,2014,2026,gary_harris,gary_harris,1610612749,Milwaukee,Bucks,MIL,bucks,bucks,Y,00,2025-26
202699,"Harris, Tobias",Tobias Harris,1,2011,2026,tobias_harris,tobias_harris,1610612765,Detroit,Pistons,DET,pistons,pistons,Y,00,2025-26
1628404,"Hart, Josh",Josh Hart,1,2017,2026,josh_hart,josh_hart,1610612752,New York,Knicks,NYK,knicks,knicks,Y,01,2025-26
1628392,"Hartenstein, Isaiah",Isaiah Hartenstein,1,2018,2026,isaiah_hartenstein,isaiah_hartenstein,1610612760,Oklahoma City,Thunder,OKC,thunder,thunder,Y,01,2025-26
1630573,"Hauser, Sam",Sam Hauser,1,2021,2026,sam_hauser,sam_hauser,1610612738,Boston,Celtics,BOS,celtics,celtics,Y,01,2025-26
1641722,"Hawkins, Jordan",Jordan Hawkins,1,2023,2026,jordan_hawkins,jordan_hawkins,1610612740,New Orleans,Pelicans,NOP,pelicans,pelicans,Y,01,2025-26
1629637,"Hayes, Jaxson",Jaxson Hayes,1,2019,2026,jaxson_hayes,jaxson_hayes,1610612747,Los Angeles,Lakers,LAL,lakers,lakers,Y,00,2025-26
1630165,"Hayes, Killian",Killian Hayes,1,2020,2025,killian_hayes,killian_hayes,1610612758,Sacramento,Kings,SAC,kings,kings,Y,11,2025-26
1628502,"Hayes-Davis, Nigel",Nigel Hayes-Davis,0,2017,2025,nigel_hayes,nigel_hayes-davis,0,,,,,,Y,01,2025-26
1630703,"Henderson, Scoot",Scoot Henderson,1,2023,2026,scoot_henderson,scoot_henderson,1610612757,Portland,Trail Blazers,POR,blazers,blazers,Y,01,2025-26
1641707,"Hendricks, Taylor",Taylor Hendricks,1,2023,2026,taylor_hendricks,taylor_hendricks,1610612763,Memphis,Grizzlies,MEM,grizzlies,grizzlies,Y,01,2025-26
1642935,"Hepburn, Chucky",Chucky Hepburn,1,2025,2026,chucky_hepburn,chucky_hepburn,1610612761,Toronto,Raptors,TOR,raptors,raptors,Y,11,2025-26
1629639,"Herro, Tyler",Tyler Herro,1,2019,2026,tyler_herro,tyler_herro,1610612748,Miami,Heat,MIA,heat,heat,Y,00,2025-26
1627741,"Hield, Buddy",Buddy Hield,1,2016,2026,buddy_hield,buddy_hield,1610612737,Atlanta,Hawks,ATL,hawks,hawks,Y,00,2025-26
1629312,"Highsmith, Haywood",Haywood Highsmith,1,2018,2026,haywood_highsmith,haywood_highsmith,1610612756,Phoenix,Suns,PHX,suns,suns,Y,01,2025-26
1642396,"Hinson, Blake",Blake Hinson,1,2025,2026,blake_hinson,blake_hinson,1610612762,Utah,Jazz,UTA,jazz,jazz,Y,11,2025-26
1628988,"Holiday, Aaron",Aaron Holiday,1,2018,2026,aaron_holiday,aaron_holiday,1610612745,Houston,Rockets,HOU,rockets,rockets,Y,00,2025-26
201950,"Holiday, Jrue",Jrue Holiday,1,2009,2026,jrue_holiday,jrue_holiday,1610612757,Portland,Trail Blazers,POR,blazers,blazers,Y,00,2025-26
1641842,"Holland II, Ronald",Ronald Holland II,1,2024,2026,ronald_holland_ii,ronald_holland_ii,1610612765,Detroit,Pistons,DET,pistons,pistons,Y,01,2025-26
1641747,"Holmes II, DaRon",DaRon Holmes II,1,2024,2026,daron_holmes_ii,daron_holmes_ii,1610612743,Denver,Nuggets,DEN,nuggets,nuggets,Y,11,2025-26
1631096,"Holmgren, Chet",Chet Holmgren,1,2022,2026,chet_holmgren,chet_holmgren,1610612760,Oklahoma City,Thunder,OKC,thunder,thunder,Y,00,2025-26
201143,"Horford, Al",Al Horford,1,2007,2026,al_horford,al_horford,1610612744,Golden State,Warriors,GSW,warriors,warriors,Y,00,2025-26
1631216,"Houstan, Caleb",Caleb Houstan,0,2022,2026,caleb_houstan,caleb_houstan,0,,,,,,Y,11,2025-26
1641724,"Howard, Jett",Jett Howard,1,2023,2026,jett_howard,jett_howard,1610612753,Orlando,Magic,ORL,magic,magic,Y,01,2025-26
1628989,"Huerter, Kevin",Kevin Huerter,1,2018,2026,kevin_huerter,kevin_huerter,1610612765,Detroit,Pistons,DET,pistons,pistons,Y,00,2025-26
1630643,"Huff, Jay",Jay Huff,1,2021,2026,jay_huff,jay_huff,1610612754,Indiana,Pacers,IND,pacers,pacers,Y,01,2025-26
1630574,"Hukporti, Ariel",Ariel Hukporti,1,2024,2026,ariel_hukporti,ariel_hukporti,1610612752,New York,Knicks,NYK,knicks,knicks,Y,11,2025-26
1629631,"Hunter, De'Andre",De'Andre Hunter,1,2019,2026,deandre_hunter,deandre_hunter,1610612758,Sacramento,Kings,SAC,kings,kings,Y,00,2025-26
1643047,"Huntley, CJ",CJ Huntley,1,2025,2026,cj_huntley,cj_huntley,1610612756,Phoenix,Suns,PHX,suns,suns,Y,11,2025-26
1630538,"Hyland, Bones",Bones Hyland,1,2021,2026,nahshon_hyland,bones_hyland,1610612750,Minnesota,Timberwolves,MIN,timberwolves,timberwolves,Y,01,2025-26
1642345,"Ighodaro, Oso",Oso Ighodaro,1,2024,2026,oso_ighodaro,oso_ighodaro,1610612756,Phoenix,Suns,PHX,suns,suns,Y,01,2025-26
204060,"Ingles, Joe",Joe Ingles,1,2014,2025,joe_ingles,joe_ingles,1610612750,Minnesota,Timberwolves,MIN,timberwolves,timberwolves,Y,00,2025-26
1627742,"Ingram, Brandon",Brandon Ingram,1,2016,2026,brandon_ingram,brandon_ingram,1610612761,Toronto,Raptors,TOR,raptors,raptors,Y,00,2025-26
1631127,"Ingram, Harrison",Harrison Ingram,1,2024,2026,harrison_ingram,harrison_ingram,1610612759,San Antonio,Spurs,SAS,spurs,spurs,Y,11,2025-26
1628371,"Isaac, Jonathan",Jonathan Isaac,1,2017,2026,jonathan_isaac,jonathan_isaac,1610612753,Orlando,Magic,ORL,magic,magic,Y,01,2025-26
1631093,"Ivey, Jaden",Jaden Ivey,0,2022,2025,jaden_ivey,jaden_ivey,0,,,,,,Y,00,2025-26
1641713,"Jackson, GG",GG Jackson,1,2023,2026,gg_jackson,gg_jackson,1610612763,Memphis,Grizzlies,MEM,grizzlies,grizzlies,Y,11,2025-26
1630543,"Jackson, Isaiah",Isaiah Jackson,1,2021,2026,isaiah_jackson,isaiah_jackson,1610612746,LA,Clippers,LAC,clippers,clippers,Y,01,2025-26
1631245,"Jackson, Quenton",Quenton Jackson,1,2022,2026,quenton_jackson,quenton_jackson,1610612754,Indiana,Pacers,IND,pacers,pacers,Y,11,2025-26
1641748,"Jackson Jr., Andre",Andre Jackson Jr.,1,2023,2026,andre_jackson_jr,andre_jackson_jr,1610612749,Milwaukee,Bucks,MIL,bucks,bucks,Y,01,2025-26
1628991,"Jackson Jr., Jaren",Jaren Jackson Jr.,1,2018,2026,jaren_jackson_jr,jaren_jackson_jr,1610612762,Utah,Jazz,UTA,jazz,jazz,Y,00,2025-26
1631218,"Jackson-Davis, Trayce",Trayce Jackson-Davis,1,2023,2026,trayce_jackson-davis,trayce_jackson-davis,1610612761,Toronto,Raptors,TOR,raptors,raptors,Y,11,2025-26
1642857,"Jakučionis, Kasparas",Kasparas Jakučionis,1,2025,2026,kasparas_jakucionis,kasparas_jakučionis,1610612748,Miami,Heat,MIA,heat,heat,Y,00,2025-26
1642355,"James, Bronny",Bronny James,1,2024,2026,tmp_bronny_james,bronny_james,1610612747,Los Angeles,Lakers,LAL,lakers,lakers,Y,11,2025-26
2544,"James, LeBron",LeBron James,1,2003,2026,lebron_james,lebron_james,1610612747,Los Angeles,Lakers,LAL,lakers,lakers,Y,00,2025-26
1642883,"James, Sion",Sion James,1,2025,2026,sion_james,sion_james,1610612766,Charlotte,Hornets,CHA,hornets,hornets,Y,00,2025-26
1631170,"Jaquez Jr., Jaime",Jaime Jaquez Jr.,1,2023,2026,jaime_jaquez_jr,jaime_jaquez_jr,1610612748,Miami,Heat,MIA,heat,heat,Y,00,2025-26
1630610,"Jarreau, DeJon",DeJon Jarreau,0,2021,2025,dejon_jarreau,dejon_jarreau,0,,,,,,Y,11,2025-26
1629610,"Jeffries, DaQuan",DaQuan Jeffries,0,2019,2025,daquan_jeffries,daquan_jeffries,0,,,,,,Y,11,2025-26
1641998,"Jemison III, Trey",Trey Jemison III,1,2023,2026,trey_jemison,trey_jemison_iii,1610612752,New York,Knicks,NYK,knicks,knicks,Y,11,2025-26
1642450,"Jenkins, Daniss",Daniss Jenkins,1,2024,2026,daniss_jenkins,daniss_jenkins,1610612765,Detroit,Pistons,DET,pistons,pistons,Y,01,2025-26
1629660,"Jerome, Ty",Ty Jerome,1,2019,2026,ty_jerome,ty_jerome,1610612763,Memphis,Grizzlies,MEM,grizzlies,grizzlies,Y,01,2025-26
1630198,"Joe, Isaiah",Isaiah Joe,1,2020,2026,isaiah_joe,isaiah_joe,1610612760,Oklahoma City,Thunder,OKC,thunder,thunder,Y,01,2025-26
1642358,"Johnson, AJ",AJ Johnson,1,2024,2026,aj_johnson,aj_johnson,1610612742,Dallas,Mavericks,DAL,mavericks,mavericks,Y,11,2025-26
1629661,"Johnson, Cameron",Cameron Johnson,1,2019,2026,cameron_johnson,cameron_johnson,1610612743,Denver,Nuggets,DEN,nuggets,nuggets,Y,00,2025-26
1643052,"Johnson, Chaney",Chaney Johnson,1,2025,2026,chaney_johnson,chaney_johnson,1610612751,Brooklyn,Nets,BKN,nets,nets,Y,11,2025-26
1630552,"Johnson, Jalen",Jalen Johnson,1,2021,2026,jalen_johnson,jalen_johnson,1610612737,Atlanta,Hawks,ATL,hawks,hawks,Y,01,2025-26
1629640,"Johnson, Keldon",Keldon Johnson,1,2019,2026,keldon_johnson,keldon_johnson,1610612759,San Antonio,Spurs,SAS,spurs,spurs,Y,01,2025-26
1642352,"Johnson, Keshad",Keshad Johnson,1,2024,2026,tmp_keshad_johnson,keshad_johnson,1610612748,Miami,Heat,MIA,heat,heat,Y,11,2025-26
1642848,"Johnson, Tre",Tre Johnson,1,2025,2026,tmp_tre_johnson,tre_johnson,1610612764,Washington,Wizards,WAS,wizards,wizards,Y,00,2025-26
203999,"Jokić, Nikola",Nikola Jokić,1,2015,2026,nikola_jokic,nikola_jokić,1610612743,Denver,Nuggets,DEN,nuggets,nuggets,Y,00,2025-26
1641732,"Jones, Colby",Colby Jones,0,2023,2025,colby_jones,colby_jones,0,,,,,,Y,11,2025-26
1642938,"Jones, Curtis",Curtis Jones,1,2025,2026,curtis_jones,curtis_jones,1610612743,Denver,Nuggets,DEN,nuggets,nuggets,Y,11,2025-26
1641794,"Jones, Dillon",Dillon Jones,1,2024,2026,dillon_jones,dillon_jones,1610612752,New York,Knicks,NYK,knicks,knicks,Y,11,2025-26
1630529,"Jones, Herbert",Herbert Jones,1,2021,2026,herbert_jones,herbert_jones,1610612740,New Orleans,Pelicans,NOP,pelicans,pelicans,Y,00,2025-26
1642403,"Jones, Isaac",Isaac Jones,1,2024,2026,isaac_jones,isaac_jones,1610612765,Detroit,Pistons,DET,pistons,pistons,Y,11,2025-26
1642880,"Jones, Kam",Kam Jones,1,2025,2026,kameron_jones,kam_jones,1610612754,Indiana,Pacers,IND,pacers,pacers,Y,11,2025-26
1642461,"Jones, Spencer",Spencer Jones,1,2024,2026,spencer_jones,spencer_jones,1610612743,Denver,Nuggets,DEN,nuggets,nuggets,Y,01,2025-26
1630200,"Jones, Tre",Tre Jones,1,2020,2026,tre_jones,tre_jones,1610612741,Chicago,Bulls,CHI,bulls,bulls,Y,01,2025-26
1626145,"Jones, Tyus",Tyus Jones,1,2015,2026,tyus_jones,tyus_jones,1610612743,Denver,Nuggets,DEN,nuggets,nuggets,Y,01,2025-26
1642357,"Jones Garcia, David",David Jones Garcia,1,2025,2026,david_jones,david_jones_garcia,1610612759,San Antonio,Spurs,SAS,spurs,spurs,Y,11,2025-26
1627884,"Jones Jr., Derrick",Derrick Jones Jr.,1,2016,2026,derrick_jones_jr,derrick_jones_jr,1610612746,LA,Clippers,LAC,clippers,clippers,Y,01,2025-26
201599,"Jordan, DeAndre",DeAndre Jordan,1,2008,2026,deandre_jordan,deandre_jordan,1610612740,New Orleans,Pelicans,NOP,pelicans,pelicans,Y,00,2025-26
1631107,"Jović, Nikola",Nikola Jović,1,2022,2026,nikola_jovic,nikola_jović,1610612748,Miami,Heat,MIA,heat,heat,Y,01,2025-26
1630548,"Juzang, Johnny",Johnny Juzang,0,2022,2025,johnny_juzang,johnny_juzang,0,,,,,,Y,01,2025-26
1641750,"Kalkbrenner, Ryan",Ryan Kalkbrenner,1,2025,2026,ryan_kalkbrenner,ryan_kalkbrenner,1610612766,Charlotte,Hornets,CHA,hornets,hornets,Y,00,2025-26
1642530,"Kawamura, Yuki",Yuki Kawamura,1,2024,2026,yuki_kawamura,yuki_kawamura,1610612741,Chicago,Bulls,CHI,bulls,bulls,Y,11,2025-26
1631211,"Keels, Trevor",Trevor Keels,1,2022,2026,trevor_keels,trevor_keels,1610612748,Miami,Heat,MIA,heat,heat,Y,11,2025-26
1642939,"Kelly, Miles",Miles Kelly,0,2025,2025,miles_kelly,miles_kelly,0,,,,,,Y,11,2025-26
1628379,"Kennard, Luke",Luke Kennard,1,2017,2026,luke_kennard,luke_kennard,1610612747,Los Angeles,Lakers,LAL,lakers,lakers,Y,01,2025-26
1643257,"Kent, Jayson",Jayson Kent,1,2025,2026,jayson_kent,jayson_kent,1610612757,Portland,Trail Blazers,POR,blazers,blazers,Y,11,2025-26
1631117,"Kessler, Walker",Walker Kessler,1,2022,2026,walker_kessler,walker_kessler,1610612762,Utah,Jazz,UTA,jazz,jazz,Y,00,2025-26
1630557,"Kispert, Corey",Corey Kispert,1,2021,2026,corey_kispert,corey_kispert,1610612737,Atlanta,Hawks,ATL,hawks,hawks,Y,00,2025-26
1628467,"Kleber, Maxi",Maxi Kleber,1,2017,2025,maxi_kleber,maxi_kleber,1610612747,Los Angeles,Lakers,LAL,lakers,lakers,Y,00,2025-26
1641752,"Klintman, Bobi",Bobi Klintman,0,2024,2025,bobi_klintman,bobi_klintman,0,,,,,,Y,11,2025-26
1642261,"Knecht, Dalton",Dalton Knecht,1,2024,2026,dalton_knecht,dalton_knecht,1610612747,Los Angeles,Lakers,LAL,lakers,lakers,Y,11,2025-26
1642851,"Knueppel, Kon",Kon Knueppel,1,2025,2026,kon_knueppel,kon_knueppel,1610612766,Charlotte,Hornets,CHA,hornets,hornets,Y,00,2025-26
1642278,"Kolek, Tyler",Tyler Kolek,1,2024,2026,tyler_kolek,tyler_kolek,1610612752,New York,Knicks,NYK,knicks,knicks,Y,11,2025-26
1631132,"Koloko, Christian",Christian Koloko,1,2022,2026,christian_koloko,christian_koloko,1610612737,Atlanta,Hawks,ATL,hawks,hawks,Y,11,2025-26
1629723,"Konchar, John",John Konchar,1,2019,2026,john_konchar,john_konchar,1610612762,Utah,Jazz,UTA,jazz,jazz,Y,01,2025-26
1628436,"Kornet, Luke",Luke Kornet,1,2017,2026,luke_kornet,luke_kornet,1610612759,San Antonio,Spurs,SAS,spurs,spurs,Y,01,2025-26
1630249,"Krejčí, Vít",Vít Krejčí,1,2021,2026,vit_krejci,vít_krejčí,1610612757,Portland,Trail Blazers,POR,blazers,blazers,Y,01,2025-26
1630228,"Kuminga, Jonathan",Jonathan Kuminga,1,2021,2026,jonathan_kuminga,jonathan_kuminga,1610612737,Atlanta,Hawks,ATL,hawks,hawks,Y,01,2025-26
1628398,"Kuzma, Kyle",Kyle Kuzma,1,2017,2026,kyle_kuzma,kyle_kuzma,1610612749,Milwaukee,Bucks,MIL,bucks,bucks,Y,00,2025-26
1631222,"LaRavia, Jake",Jake LaRavia,1,2022,2026,jake_laravia,jake_laravia,1610612747,Los Angeles,Lakers,LAL,lakers,lakers,Y,01,2025-26
203897,"LaVine, Zach",Zach LaVine,1,2014,2026,zach_lavine,zach_lavine,1610612758,Sacramento,Kings,SAC,kings,kings,Y,00,2025-26
1627746,"Labissiere, Skal",Skal Labissiere,0,2016,2025,skal_labissiere,skal_labissiere,0,,,,,,Y,11,2025-26
1629111,"Landale, Jock",Jock Landale,1,2021,2026,jock_landale,jock_landale,1610612737,Atlanta,Hawks,ATL,hawks,hawks,Y,00,2025-26
1642404,"Lanier, Chaz",Chaz Lanier,1,2025,2026,chaz_lanier,chaz_lanier,1610612765,Detroit,Pistons,DET,pistons,pistons,Y,11,2025-26
1641796,"Larsson, Pelle",Pelle Larsson,1,2024,2026,pelle_larsson,pelle_larsson,1610612748,Miami,Heat,MIA,heat,heat,Y,01,2025-26
1630639,"Lawson, A.J.",A.J. Lawson,1,2022,2026,aj_lawson,aj_lawson,1610612761,Toronto,Raptors,TOR,raptors,raptors,Y,11,2025-26
1627747,"LeVert, Caris",Caris LeVert,1,2016,2026,caris_levert,caris_levert,1610612765,Detroit,Pistons,DET,pistons,pistons,Y,00,2025-26
202695,"Leonard, Kawhi",Kawhi Leonard,1,2011,2026,kawhi_leonard,kawhi_leonard,1610612746,LA,Clippers,LAC,clippers,clippers,Y,00,2025-26
1642502,"Leons, Malevy",Malevy Leons,1,2024,2026,malevy_leons,malevy_leons,1610612744,Golden State,Warriors,GSW,warriors,warriors,Y,11,2025-26
1630604,"Liddell, E.J.",E.J. Liddell,1,2022,2025,ej_liddell,ej_liddell,1610612751,Brooklyn,Nets,BKN,nets,nets,Y,11,2025-26
1641726,"Lively II, Dereck",Dereck Lively II,1,2023,2026,dereck_lively_ii,dereck_lively_ii,1610612742,Dallas,Mavericks,DAL,mavericks,mavericks,Y,00,2025-26
1630587,"Livers, Isaiah",Isaiah Livers,1,2021,2026,isaiah_livers,isaiah_livers,1610612756,Phoenix,Suns,PHX,suns,suns,Y,01,2025-26
1641753,"Livingston, Chris",Chris Livingston,0,2023,2025,chris_livingston,chris_livingston,0,,,,,,Y,11,2025-26
1626172,"Looney, Kevon",Kevon Looney,1,2015,2026,kevon_looney,kevon_looney,1610612740,New Orleans,Pelicans,NOP,pelicans,pelicans,Y,01,2025-26
201572,"Lopez, Brook",Brook Lopez,1,2008,2026,brook_lopez,brook_lopez,1610612746,LA,Clippers,LAC,clippers,clippers,Y,00,2025-26
1631126,"Love, Caleb",Caleb Love,1,2025,2026,caleb_love,caleb_love,1610612757,Portland,Trail Blazers,POR,blazers,blazers,Y,11,2025-26
201567,"Love, Kevin",Kevin Love,1,2008,2026,kevin_love,kevin_love,1610612762,Utah,Jazz,UTA,jazz,jazz,Y,00,2025-26
1643133,"Lovering, Lawson",Lawson Lovering,0,2025,2025,lawson_lovering,lawson_lovering,0,,,,,,Y,11,2025-26
200768,"Lowry, Kyle",Kyle Lowry,1,2006,2026,kyle_lowry,kyle_lowry,1610612755,Philadelphia,76ers,PHI,sixers,sixers,Y,00,2025-26
1642863,"Maluach, Khaman",Khaman Maluach,1,2025,2026,tmp_khaman_maluach,khaman_maluach,1610612756,Phoenix,Suns,PHX,suns,suns,Y,11,2025-26
1630572,"Mamukelashvili, Sandro",Sandro Mamukelashvili,1,2021,2026,sandro_mamukelashvili,sandro_mamukelashvili,1610612761,Toronto,Raptors,TOR,raptors,raptors,Y,01,2025-26
1629611,"Mann, Terance",Terance Mann,1,2019,2026,terance_mann,terance_mann,1610612751,Brooklyn,Nets,BKN,nets,nets,Y,01,2025-26
1630544,"Mann, Tre",Tre Mann,1,2021,2026,tre_mann,tre_mann,1610612766,Charlotte,Hornets,CHA,hornets,hornets,Y,01,2025-26
1628374,"Markkanen, Lauri",Lauri Markkanen,1,2017,2026,lauri_markkanen,lauri_markkanen,1610612762,Utah,Jazz,UTA,jazz,jazz,Y,00,2025-26
1630230,"Marshall, Naji",Naji Marshall,1,2020,2026,naji_marshall,naji_marshall,1610612742,Dallas,Mavericks,DAL,mavericks,mavericks,Y,01,2025-26
1642918,"Martin, Alijah",Alijah Martin,1,2025,2026,alijah_martin,alijah_martin,1610612761,Toronto,Raptors,TOR,raptors,raptors,Y,11,2025-26
1628997,"Martin, Caleb",Caleb Martin,1,2019,2026,caleb_martin,caleb_martin,1610612742,Dallas,Mavericks,DAL,mavericks,mavericks,Y,01,2025-26
1628998,"Martin, Cody",Cody Martin,0,2019,2025,cody_martin,cody_martin,0,,,,,,Y,11,2025-26
1631213,"Martin, Tyrese",Tyrese Martin,1,2022,2026,tyrese_martin,tyrese_martin,1610612755,Philadelphia,76ers,PHI,sixers,sixers,Y,11,2025-26
1642942,"Mashack, Jahmai",Jahmai Mashack,1,2025,2026,jahmai_mashack,jahmai_mashack,1610612763,Memphis,Grizzlies,MEM,grizzlies,grizzlies,Y,11,2025-26
1629726,"Mathews, Garrison",Garrison Mathews,0,2019,2025,garrison_mathews,garrison_mathews,0,,,,,,Y,01,2025-26
1631097,"Mathurin, Bennedict",Bennedict Mathurin,1,2022,2026,bennedict_mathurin,bennedict_mathurin,1610612746,LA,Clippers,LAC,clippers,clippers,Y,00,2025-26
1631255,"Matković, Karlo",Karlo Matković,1,2024,2026,karlo_matkovic,karlo_matković,1610612740,New Orleans,Pelicans,NOP,pelicans,pelicans,Y,01,2025-26
1630178,"Maxey, Tyrese",Tyrese Maxey,1,2020,2026,tyrese_maxey,tyrese_maxey,1610612755,Philadelphia,76ers,PHI,sixers,sixers,Y,00,2025-26
1643024,"Mañon, Chris",Chris Mañon,1,2025,2026,chris_manon,chris_mañon,1610612747,Los Angeles,Lakers,LAL,lakers,lakers,Y,11,2025-26
1643016,"Mbeng, Bez",Bez Mbeng,1,2025,2026,bez_mbeng,bez_mbeng,1610612762,Utah,Jazz,UTA,jazz,jazz,Y,11,2025-26
1630540,"McBride, Miles",Miles McBride,1,2021,2026,miles_mcbride,miles_mcbride,1610612752,New York,Knicks,NYK,knicks,knicks,Y,01,2025-26
1642272,"McCain, Jared",Jared McCain,1,2024,2026,tmp_jared_mccain,jared_mccain,1610612760,Oklahoma City,Thunder,OKC,thunder,thunder,Y,11,2025-26
1630644,"McClung, Mac",Mac McClung,1,2021,2025,mac_mcclung,mac_mcclung,1610612741,Chicago,Bulls,CHI,bulls,bulls,Y,11,2025-26
203468,"McCollum, CJ",CJ McCollum,1,2013,2026,cj_mccollum,cj_mccollum,1610612737,Atlanta,Hawks,ATL,hawks,hawks,Y,01,2025-26
204456,"McConnell, T.J.",T.J. McConnell,1,2015,2026,t.j._mcconnell,tj_mcconnell,1610612754,Indiana,Pacers,IND,pacers,pacers,Y,00,2025-26
1641755,"McCullar Jr., Kevin",Kevin McCullar Jr.,1,2024,2026,kevin_mccullar_jr,kevin_mccullar_jr,1610612752,New York,Knicks,NYK,knicks,knicks,Y,11,2025-26
1630183,"McDaniels, Jaden",Jaden McDaniels,1,2020,2026,jaden_mcdaniels,jaden_mcdaniels,1610612750,Minnesota,Timberwolves,MIN,timberwolves,timberwolves,Y,00,2025-26
203926,"McDermott, Doug",Doug McDermott,1,2014,2025,doug_mcdermott,doug_mcdermott,1610612758,Sacramento,Kings,SAC,kings,kings,Y,00,2025-26
1631121,"McGowens, Bryce",Bryce McGowens,1,2022,2026,bryce_mcgowens,bryce_mcgowens,1610612740,New Orleans,Pelicans,NOP,pelicans,pelicans,Y,01,2025-26
1629162,"McLaughlin, Jordan",Jordan McLaughlin,1,2019,2026,jordan_mclaughlin,jordan_mclaughlin,1610612759,San Antonio,Spurs,SAS,spurs,spurs,Y,01,2025-26
1642862,"McNeeley, Liam",Liam McNeeley,1,2025,2026,liam_mcneeley,liam_mcneeley,1610612766,Charlotte,Hornets,CHA,hornets,hornets,Y,11,2025-26
1629001,"Melton, De'Anthony",De'Anthony Melton,1,2018,2026,deanthony_melton,deanthony_melton,1610612744,Golden State,Warriors,GSW,warriors,warriors,Y,01,2025-26
1630241,"Merrill, Sam",Sam Merrill,1,2020,2026,sam_merrill,sam_merrill,1610612739,Cleveland,Cavaliers,CLE,cavaliers,cavaliers,Y,01,2025-26
203114,"Middleton, Khris",Khris Middleton,1,2012,2026,khris_middleton,khris_middleton,1610612742,Dallas,Mavericks,DAL,mavericks,mavericks,Y,01,2025-26
1641706,"Miller, Brandon",Brandon Miller,1,2023,2026,brandon_miller,brandon_miller,1610612766,Charlotte,Hornets,CHA,hornets,hornets,Y,00,2025-26
1641801,"Miller, Emanuel",Emanuel Miller,1,2024,2025,emanuel_miller,emanuel_miller,1610612759,San Antonio,Spurs,SAS,spurs,spurs,Y,11,2025-26
1641757,"Miller, Jordan",Jordan Miller,1,2023,2026,jordan_miller,jordan_miller,1610612746,LA,Clippers,LAC,clippers,clippers,Y,01,2025-26
1631159,"Miller, Leonard",Leonard Miller,1,2023,2026,leonard_miller,leonard_miller,1610612741,Chicago,Bulls,CHI,bulls,bulls,Y,11,2025-26
1642434,"Minix, Riley",Riley Minix,1,2024,2026,riley_minix,riley_minix,1610612739,Cleveland,Cavaliers,CLE,cavaliers,cavaliers,Y,11,2025-26
1631169,"Minott, Josh",Josh Minott,1,2022,2026,josh_minott,josh_minott,1610612751,Brooklyn,Nets,BKN,nets,nets,Y,11,2025-26
1642274,"Missi, Yves",Yves Missi,1,2024,2026,tmp_yves_missi,yves_missi,1610612740,New Orleans,Pelicans,NOP,pelicans,pelicans,Y,00,2025-26
1642349,"Mitchell, Ajay",Ajay Mitchell,1,2024,2026,ajay_mitchell,ajay_mitchell,1610612760,Oklahoma City,Thunder,OKC,thunder,thunder,Y,00,2025-26
1630558,"Mitchell, Davion",Davion Mitchell,1,2021,2026,davion_mitchell,davion_mitchell,1610612748,Miami,Heat,MIA,heat,heat,Y,00,2025-26
1628378,"Mitchell, Donovan",Donovan Mitchell,1,2017,2026,donovan_mitchell,donovan_mitchell,1610612739,Cleveland,Cavaliers,CLE,cavaliers,cavaliers,Y,00,2025-26
1630596,"Mobley, Evan",Evan Mobley,1,2021,2026,evan_mobley,evan_mobley,1610612739,Cleveland,Cavaliers,CLE,cavaliers,cavaliers,Y,00,2025-26
1642367,"Mogbo, Jonathan",Jonathan Mogbo,1,2024,2026,jonathan_mogbo,jonathan_mogbo,1610612761,Toronto,Raptors,TOR,raptors,raptors,Y,11,2025-26
1628370,"Monk, Malik",Malik Monk,1,2017,2026,malik_monk,malik_monk,1610612758,Sacramento,Kings,SAC,kings,kings,Y,01,2025-26
1630541,"Moody, Moses",Moses Moody,1,2021,2026,moses_moody,moses_moody,1610612744,Golden State,Warriors,GSW,warriors,warriors,Y,01,2025-26
1631111,"Moore Jr., Wendell",Wendell Moore Jr.,1,2022,2026,wendell_moore,wendell_moore_jr,1610612765,Detroit,Pistons,DET,pistons,pistons,Y,11,2025-26
1631457,"Morales, Alex",Alex Morales,1,2025,2026,alex_morales,alex_morales,1610612753,Orlando,Magic,ORL,magic,magic,Y,11,2025-26
1629630,"Morant, Ja",Ja Morant,1,2019,2026,ja_morant,ja_morant,1610612763,Memphis,Grizzlies,MEM,grizzlies,grizzlies,Y,00,2025-26
1628420,"Morris, Monte",Monte Morris,0,2017,2025,monte_morris,monte_morris,0,,,,,,Y,01,2025-26
1630530,"Murphy III, Trey",Trey Murphy III,1,2021,2026,trey_murphy_iii,trey_murphy_iii,1610612740,New Orleans,Pelicans,NOP,pelicans,pelicans,Y,01,2025-26
1627749,"Murray, Dejounte",Dejounte Murray,1,2016,2026,dejounte_murray,dejounte_murray,1610612740,New Orleans,Pelicans,NOP,pelicans,pelicans,Y,01,2025-26
1627750,"Murray, Jamal",Jamal Murray,1,2016,2026,jamal_murray,jamal_murray,1610612743,Denver,Nuggets,DEN,nuggets,nuggets,Y,00,2025-26
1631099,"Murray, Keegan",Keegan Murray,1,2022,2026,keegan_murray,keegan_murray,1610612758,Sacramento,Kings,SAC,kings,kings,Y,00,2025-26
1631200,"Murray, Kris",Kris Murray,1,2023,2026,kris_murray,kris_murray,1610612757,Portland,Trail Blazers,POR,blazers,blazers,Y,01,2025-26
1642867,"Murray-Boyles, Collin",Collin Murray-Boyles,1,2025,2026,collin_murray-boyles,collin_murray-boyles,1610612761,Toronto,Raptors,TOR,raptors,raptors,Y,00,2025-26
1629004,"Mykhailiuk, Svi",Svi Mykhailiuk,1,2018,2026,sviatoslav_mykhailiuk,svi_mykhailiuk,1610612762,Utah,Jazz,UTA,jazz,jazz,Y,01,2025-26
1631250,"Nance, Pete",Pete Nance,1,2023,2026,pete_nance,pete_nance,1610612749,Milwaukee,Bucks,MIL,bucks,bucks,Y,11,2025-26
1626204,"Nance Jr., Larry",Larry Nance Jr.,1,2015,2026,larry_nance_jr,larry_nance_jr,1610612739,Cleveland,Cavaliers,CLE,cavaliers,cavaliers,Y,00,2025-26
1641761,"Nelson, Grant",Grant Nelson,0,2025,2026,grant_nelson,grant_nelson,0,,,,,,Y,11,2025-26
1629614,"Nembhard, Andrew",Andrew Nembhard,1,2022,2026,andrew_nembhard,andrew_nembhard,1610612754,Indiana,Pacers,IND,pacers,pacers,Y,00,2025-26
1642948,"Nembhard, Ryan",Ryan Nembhard,1,2025,2026,ryan_nembhard,ryan_nembhard,1610612742,Dallas,Mavericks,DAL,mavericks,mavericks,Y,11,2025-26
1630174,"Nesmith, Aaron",Aaron Nesmith,1,2020,2026,aaron_nesmith,aaron_nesmith,1610612754,Indiana,Pacers,IND,pacers,pacers,Y,01,2025-26
1642854,"Newell, Asa",Asa Newell,1,2025,2026,tmp_asa_newell,asa_newell,1610612737,Atlanta,Hawks,ATL,hawks,hawks,Y,11,2025-26
1641803,"Newton, Tristen",Tristen Newton,1,2024,2025,tristen_newton,tristen_newton,1610612745,Houston,Rockets,HOU,rockets,rockets,Y,11,2025-26
1642949,"Niederhäuser, Yanic Konan",Yanic Konan Niederhäuser,1,2025,2026,yanic_konan_niederhauser,yanic_konan_niederhäuser,1610612746,LA,Clippers,LAC,clippers,clippers,Y,11,2025-26
1630192,"Nnaji, Zeke",Zeke Nnaji,1,2020,2026,zeke_nnaji,zeke_nnaji,1610612743,Denver,Nuggets,DEN,nuggets,nuggets,Y,00,2025-26
203994,"Nurkić, Jusuf",Jusuf Nurkić,1,2014,2026,jusuf_nurkic,jusuf_nurkić,1610612762,Utah,Jazz,UTA,jazz,jazz,Y,00,2025-26
1626220,"O'Neale, Royce",Royce O'Neale,1,2017,2026,royce_o'neale,royce_oneale,1610612756,Phoenix,Suns,PHX,suns,suns,Y,01,2025-26
1642490,"Oduro, Josh",Josh Oduro,1,2025,2025,josh_oduro,josh_oduro,1610612740,New Orleans,Pelicans,NOP,pelicans,pelicans,Y,11,2025-26
1643253,"Okani, Toby",Toby Okani,0,2025,2025,toby_okani,toby_okani,0,,,,,,Y,11,2025-26
1629006,"Okogie, Josh",Josh Okogie,1,2018,2026,josh_okogie,josh_okogie,1610612745,Houston,Rockets,HOU,rockets,rockets,Y,00,2025-26
1630168,"Okongwu, Onyeka",Onyeka Okongwu,1,2020,2026,onyeka_okongwu,onyeka_okongwu,1610612737,Atlanta,Hawks,ATL,hawks,hawks,Y,00,2025-26
1630171,"Okoro, Isaac",Isaac Okoro,1,2020,2026,isaac_okoro,isaac_okoro,1610612741,Chicago,Bulls,CHI,bulls,bulls,Y,00,2025-26
1642950,"Olbrich, Lachlan",Lachlan Olbrich,1,2025,2025,lachlan_olbrich,lachlan_olbrich,1610612741,Chicago,Bulls,CHI,bulls,bulls,Y,11,2025-26
203482,"Olynyk, Kelly",Kelly Olynyk,1,2013,2025,kelly_olynyk,kelly_olynyk,1610612759,San Antonio,Spurs,SAS,spurs,spurs,Y,00,2025-26
1641807,"Omier, Norchad",Norchad Omier,1,2025,2026,norchard_omier,norchad_omier,1610612746,LA,Clippers,LAC,clippers,clippers,Y,11,2025-26
1626162,"Oubre Jr., Kelly",Kelly Oubre Jr.,1,2015,2026,kelly_oubre_jr,kelly_oubre_jr,1610612755,Philadelphia,76ers,PHI,sixers,sixers,Y,00,2025-26
101108,"Paul, Chris",Chris Paul,0,2005,2025,chris_paul,chris_paul,0,,,,,,Y,00,2025-26
1626166,"Payne, Cameron",Cameron Payne,0,2015,2025,cameron_payne,cameron_payne,0,,,,,,Y,01,2025-26
1627780,"Payton II, Gary",Gary Payton II,1,2016,2026,gary_payton_ii,gary_payton_ii,1610612744,Golden State,Warriors,GSW,warriors,warriors,Y,01,2025-26
1642877,"Peavy, Micah",Micah Peavy,1,2025,2026,micah_peavy,micah_peavy,1610612740,New Orleans,Pelicans,NOP,pelicans,pelicans,Y,00,2025-26
1642951,"Pedulla, Sean",Sean Pedulla,1,2025,2026,sean_pedulla,sean_pedulla,1610612746,LA,Clippers,LAC,clippers,clippers,Y,11,2025-26
1642869,"Penda, Noah",Noah Penda,1,2025,2026,noah_penda,noah_penda,1610612753,Orlando,Magic,ORL,magic,magic,Y,11,2025-26
1643007,"Peter, Taelon",Taelon Peter,1,2025,2026,taelon_peter,taelon_peter,1610612754,Indiana,Pacers,IND,pacers,pacers,Y,11,2025-26
1641809,"Peterson, Drew",Drew Peterson,0,2023,2025,drew_peterson,drew_peterson,0,,,,,,Y,11,2025-26
1641763,"Phillips, Julian",Julian Phillips,1,2023,2026,julian_phillips,julian_phillips,1610612750,Minnesota,Timberwolves,MIN,timberwolves,timberwolves,Y,11,2025-26
1629618,"Pickett, Jalen",Jalen Pickett,1,2023,2026,jalen_pickett,jalen_pickett,1610612743,Denver,Nuggets,DEN,nuggets,nuggets,Y,01,2025-26
1630590,"Pippen Jr., Scotty",Scotty Pippen Jr.,1,2022,2026,scotty_pippen_jr,scotty_pippen_jr,1610612763,Memphis,Grizzlies,MEM,grizzlies,grizzlies,Y,01,2025-26
1631342,"Plowden, Daeqwon",Daeqwon Plowden,1,2024,2026,daeqwon_plowden,daeqwon_plowden,1610612758,Sacramento,Kings,SAC,kings,kings,Y,11,2025-26
203486,"Plumlee, Mason",Mason Plumlee,1,2013,2025,mason_plumlee,mason_plumlee,1610612759,San Antonio,Spurs,SAS,spurs,spurs,Y,01,2025-26
1641764,"Podziemski, Brandin",Brandin Podziemski,1,2023,2026,brandon_podziemski,brandin_podziemski,1610612744,Golden State,Warriors,GSW,warriors,warriors,Y,00,2025-26
1627751,"Poeltl, Jakob",Jakob Poeltl,1,2016,2026,jakob_poeltl,jakob_poeltl,1610612761,Toronto,Raptors,TOR,raptors,raptors,Y,01,2025-26
1629673,"Poole, Jordan",Jordan Poole,1,2019,2026,jordan_poole,jordan_poole,1610612740,New Orleans,Pelicans,NOP,pelicans,pelicans,Y,01,2025-26
1641854,"Porter Jr., Craig",Craig Porter Jr.,1,2023,2026,craig_porter,craig_porter_jr,1610612739,Cleveland,Cavaliers,CLE,cavaliers,cavaliers,Y,01,2025-26
1629645,"Porter Jr., Kevin",Kevin Porter Jr.,1,2019,2026,kevin_porter_jr,kevin_porter_jr,1610612749,Milwaukee,Bucks,MIL,bucks,bucks,Y,01,2025-26
1629008,"Porter Jr., Michael",Michael Porter Jr.,1,2018,2026,michael_porter_jr,michael_porter_jr,1610612751,Brooklyn,Nets,BKN,nets,nets,Y,00,2025-26
1626171,"Portis Jr., Bobby",Bobby Portis Jr.,1,2015,2026,bobby_portis,bobby_portis_jr,1610612749,Milwaukee,Bucks,MIL,bucks,bucks,Y,01,2025-26
204001,"Porziņģis, Kristaps",Kristaps Porziņģis,1,2015,2026,kristaps_porzingis,kristaps_porziņģis,1610612744,Golden State,Warriors,GSW,warriors,warriors,Y,00,2025-26
1642366,"Post, Quinten",Quinten Post,1,2024,2026,quinten_post,quinten_post,1610612744,Golden State,Warriors,GSW,warriors,warriors,Y,01,2025-26
1630695,"Potter, Micah",Micah Potter,1,2021,2026,micah_potter,micah_potter,1610612754,Indiana,Pacers,IND,pacers,pacers,Y,11,2025-26
1642967,"Poulakidas, John",John Poulakidas,1,2025,2026,john_poulakidas,john_poulakidas,1610612742,Dallas,Mavericks,DAL,mavericks,mavericks,Y,11,2025-26
1642962,"Powell, Drake",Drake Powell,1,2025,2026,drake_powell,drake_powell,1610612751,Brooklyn,Nets,BKN,nets,nets,Y,11,2025-26
203939,"Powell, Dwight",Dwight Powell,1,2014,2026,dwight_powell,dwight_powell,1610612742,Dallas,Mavericks,DAL,mavericks,mavericks,Y,01,2025-26
1626181,"Powell, Norman",Norman Powell,1,2015,2026,norman_powell,norman_powell,1610612748,Miami,Heat,MIA,heat,heat,Y,01,2025-26
1627752,"Prince, Taurean",Taurean Prince,1,2016,2026,taurean_prince,taurean_prince,1610612749,Milwaukee,Bucks,MIL,bucks,bucks,Y,01,2025-26
1630202,"Pritchard, Payton",Payton Pritchard,1,2020,2026,payton_pritchard,payton_pritchard,1610612738,Boston,Celtics,BOS,celtics,celtics,Y,00,2025-26
1642878,"Proctor, Tyrese",Tyrese Proctor,1,2025,2026,tyrese_proctor,tyrese_proctor,1610612739,Cleveland,Cavaliers,CLE,cavaliers,cavaliers,Y,11,2025-26
1641765,"Prosper, Olivier-Maxence",Olivier-Maxence Prosper,1,2023,2026,olivier-maxence_prosper,olivier-maxence_prosper,1610612763,Memphis,Grizzlies,MEM,grizzlies,grizzlies,Y,11,2025-26
1642389,"Pullin, Zyon",Zyon Pullin,1,2024,2026,zyon_pullin,zyon_pullin,1610612750,Minnesota,Timberwolves,MIN,timberwolves,timberwolves,Y,11,2025-26
1642852,"Queen, Derik",Derik Queen,1,2025,2026,derik_queen,derik_queen,1610612740,New Orleans,Pelicans,NOP,pelicans,pelicans,Y,00,2025-26
1629674,"Queta, Neemias",Neemias Queta,1,2021,2026,neemias_queta,neemias_queta,1610612738,Boston,Celtics,BOS,celtics,celtics,Y,01,2025-26
1630193,"Quickley, Immanuel",Immanuel Quickley,1,2020,2026,immanuel_quickley,immanuel_quickley,1610612761,Toronto,Raptors,TOR,raptors,raptors,Y,00,2025-26
203944,"Randle, Julius",Julius Randle,1,2014,2026,julius_randle,julius_randle,1610612750,Minnesota,Timberwolves,MIN,timberwolves,timberwolves,Y,00,2025-26
1642875,"Raynaud, Maxime",Maxime Raynaud,1,2025,2026,maxime_raynaud,maxime_raynaud,1610612758,Sacramento,Kings,SAC,kings,kings,Y,00,2025-26
1641871,"Reath, Duop",Duop Reath,0,2023,2025,duop_reath,duop_reath,0,,,,,,Y,01,2025-26
1630559,"Reaves, Austin",Austin Reaves,1,2021,2026,austin_reaves,austin_reaves,1610612747,Los Angeles,Lakers,LAL,lakers,lakers,Y,00,2025-26
1630194,"Reed, Paul",Paul Reed,1,2020,2026,paul_reed,paul_reed,1610612765,Detroit,Pistons,DET,pistons,pistons,Y,01,2025-26
1642882,"Reese, Julian",Julian Reese,1,2025,2025,julian_reese,julian_reese,1610612764,Washington,Wizards,WAS,wizards,wizards,Y,11,2025-26
1641810,"Reeves, Antonio",Antonio Reeves,1,2024,2026,antonio_reeves,antonio_reeves,1610612766,Charlotte,Hornets,CHA,hornets,hornets,Y,11,2025-26
1629675,"Reid, Naz",Naz Reid,1,2019,2026,naz_reid,naz_reid,1610612750,Minnesota,Timberwolves,MIN,timberwolves,timberwolves,Y,01,2025-26
1642954,"Richard, Will",Will Richard,1,2025,2026,will_richard,will_richard,1610612744,Golden State,Warriors,GSW,warriors,warriors,Y,00,2025-26
1630208,"Richards, Nick",Nick Richards,1,2020,2026,nick_richards,nick_richards,1610612741,Chicago,Bulls,CHI,bulls,bulls,Y,01,2025-26
1642859,"Richardson, Jase",Jase Richardson,1,2025,2026,tmp_jason_richardson,jase_richardson,1610612753,Orlando,Magic,ORL,magic,magic,Y,11,2025-26
1642955,"Richmond, Kadary",Kadary Richmond,0,2025,2025,kadary_richmond,kadary_richmond,0,,,,,,Y,11,2025-26
1642860,"Riley, Will",Will Riley,1,2025,2026,tmp_will_riley,will_riley,1610612764,Washington,Wizards,WAS,wizards,wizards,Y,11,2025-26
1642258,"Risacher, Zaccharie",Zaccharie Risacher,1,2024,2026,tmp_zaccharie_risacher,zaccharie_risacher,1610612737,Atlanta,Hawks,ATL,hawks,hawks,Y,00,2025-26
1629130,"Robinson, Duncan",Duncan Robinson,1,2018,2026,duncan_robinson,duncan_robinson,1610612765,Detroit,Pistons,DET,pistons,pistons,Y,01,2025-26
1629011,"Robinson, Mitchell",Mitchell Robinson,1,2018,2026,mitchell_robinson,mitchell_robinson,1610612752,New York,Knicks,NYK,knicks,knicks,Y,00,2025-26
1631115,"Robinson, Orlando",Orlando Robinson,0,2022,2025,orlando_robinson,orlando_robinson,0,,,,,,Y,11,2025-26
1630526,"Robinson-Earl, Jeremiah",Jeremiah Robinson-Earl,0,2021,2025,jeremiah_robinson-earl,jeremiah_robinson-earl,0,,,,,,Y,11,2025-26
1631223,"Roddy, David",David Roddy,1,2022,2026,david_roddy,david_roddy,1610612743,Denver,Nuggets,DEN,nuggets,nuggets,Y,11,2025-26
1631157,"Rollins, Ryan",Ryan Rollins,1,2022,2026,ryan_rollins,ryan_rollins,1610612749,Milwaukee,Bucks,MIL,bucks,bucks,Y,01,2025-26
1641712,"Rupert, Rayan",Rayan Rupert,1,2023,2026,rayan_rupert,rayan_rupert,1610612763,Memphis,Grizzlies,MEM,grizzlies,grizzlies,Y,01,2025-26
1626156,"Russell, D'Angelo",D'Angelo Russell,1,2015,2026,d'angelo_russell,dangelo_russell,1610612764,Washington,Wizards,WAS,wizards,wizards,Y,00,2025-26
1642504,"Ryan, Cormac",Cormac Ryan,1,2025,2026,cormac_ryan,cormac_ryan,1610612749,Milwaukee,Bucks,MIL,bucks,bucks,Y,11,2025-26
1627734,"Sabonis, Domantas",Domantas Sabonis,1,2016,2026,domantas_sabonis,domantas_sabonis,1610612758,Sacramento,Kings,SAC,kings,kings,Y,00,2025-26
1642275,"Salaün, Tidjane",Tidjane Salaün,1,2024,2026,tidjane_salaun,tidjane_salaün,1610612766,Charlotte,Hornets,CHA,hornets,hornets,Y,11,2025-26
1642282,"Sallis, Hunter",Hunter Sallis,0,2025,2025,hunter_sallis,hunter_sallis,0,,,,,,Y,11,2025-26
1642920,"Sanders, Kobe",Kobe Sanders,1,2025,2026,kobe_sanders,kobe_sanders,1610612746,LA,Clippers,LAC,clippers,clippers,Y,00,2025-26
1642362,"Sandfort, Payton",Payton Sandfort,1,2025,2025,payton_sandfort,payton_sandfort,1610612760,Oklahoma City,Thunder,OKC,thunder,thunder,Y,11,2025-26
1630611,"Santos, Gui",Gui Santos,1,2023,2026,gui_santos,gui_santos,1610612744,Golden State,Warriors,GSW,warriors,warriors,Y,01,2025-26
1642879,"Saraf, Ben",Ben Saraf,1,2025,2026,tmp_ben_saraf,ben_saraf,1610612751,Brooklyn,Nets,BKN,nets,nets,Y,11,2025-26
203967,"Saric, Dario",Dario Saric,0,2016,2025,dario_saric,dario_saric,0,,,,,,Y,00,2025-26
1642259,"Sarr, Alex",Alex Sarr,1,2024,2026,alexandre_sarr,alex_sarr,1610612764,Washington,Wizards,WAS,wizards,wizards,Y,00,2025-26
1630846,"Sarr, Olivier",Olivier Sarr,1,2021,2025,olivier_sarr,olivier_sarr,1610612739,Cleveland,Cavaliers,CLE,cavaliers,cavaliers,Y,11,2025-26
1631204,"Sasser, Marcus",Marcus Sasser,1,2023,2026,marcus_sasser,marcus_sasser,1610612765,Detroit,Pistons,DET,pistons,pistons,Y,00,2025-26
1631248,"Scheierman, Baylor",Baylor Scheierman,1,2024,2026,baylor_scheierman,baylor_scheierman,1610612738,Boston,Celtics,BOS,celtics,celtics,Y,01,2025-26
203471,"Schröder, Dennis",Dennis Schröder,1,2013,2026,dennis_schroder,dennis_schröder,1610612739,Cleveland,Cavaliers,CLE,cavaliers,cavaliers,Y,01,2025-26
1630286,"Scott, Trevon",Trevon Scott,0,2021,2025,trevon_scott,trevon_scott,0,,,,,,Y,11,2025-26
1641813,"Sears, Mark",Mark Sears,0,2025,2025,mark_sears,mark_sears,0,,,,,,Y,11,2025-26
1630578,"Sengun, Alperen",Alperen Sengun,1,2021,2026,alperen_sengun,alperen_sengun,1610612745,Houston,Rockets,HOU,rockets,rockets,Y,00,2025-26
1641729,"Sensabaugh, Brice",Brice Sensabaugh,1,2023,2026,brice_sensabaugh,brice_sensabaugh,1610612762,Utah,Jazz,UTA,jazz,jazz,Y,01,2025-26
1629012,"Sexton, Collin",Collin Sexton,1,2018,2026,collin_sexton,collin_sexton,1610612741,Chicago,Bulls,CHI,bulls,bulls,Y,00,2025-26
1629013,"Shamet, Landry",Landry Shamet,1,2018,2026,landry_shamet,landry_shamet,1610612752,New York,Knicks,NYK,knicks,knicks,Y,00,2025-26
1630545,"Shannon Jr, Terrence",Terrence Shannon Jr,1,2024,2026,terrence_shannon_jr,terrence_shannon_jr,1610612750,Minnesota,Timberwolves,MIN,timberwolves,timberwolves,Y,11,2025-26
1630549,"Sharpe, Day'Ron",Day'Ron Sharpe,1,2021,2026,dayron_sharpe,dayron_sharpe,1610612751,Brooklyn,Nets,BKN,nets,nets,Y,01,2025-26
1631101,"Sharpe, Shaedon",Shaedon Sharpe,1,2022,2026,shaedon_sharpe,shaedon_sharpe,1610612757,Portland,Trail Blazers,POR,blazers,blazers,Y,00,2025-26
1642347,"Shead, Jamal",Jamal Shead,1,2024,2026,jamal_shead,jamal_shead,1610612761,Toronto,Raptors,TOR,raptors,raptors,Y,00,2025-26
1641767,"Sheppard, Ben",Ben Sheppard,1,2023,2026,ben_sheppard,ben_sheppard,1610612754,Indiana,Pacers,IND,pacers,pacers,Y,01,2025-26
1642263,"Sheppard, Reed",Reed Sheppard,1,2024,2026,reed_sheppard,reed_sheppard,1610612745,Houston,Rockets,HOU,rockets,rockets,Y,01,2025-26
1642917,"Shulga, Max",Max Shulga,1,2025,2026,max_shulga,max_shulga,1610612738,Boston,Celtics,BOS,celtics,celtics,Y,11,2025-26
1627783,"Siakam, Pascal",Pascal Siakam,1,2016,2026,pascal_siakam,pascal_siakam,1610612754,Indiana,Pacers,IND,pacers,pacers,Y,01,2025-26
1629014,"Simons, Anfernee",Anfernee Simons,1,2018,2026,anfernee_simons,anfernee_simons,1610612741,Chicago,Bulls,CHI,bulls,bulls,Y,01,2025-26
1642354,"Simpson, KJ",KJ Simpson,1,2024,2026,kj_simpson,kj_simpson,1610612743,Denver,Nuggets,DEN,nuggets,nuggets,Y,11,2025-26
1630579,"Sims, Jericho",Jericho Sims,1,2021,2026,jericho_sims,jericho_sims,1610612749,Milwaukee,Bucks,MIL,bucks,bucks,Y,01,2025-26
1641771,"Slawson, Jalen",Jalen Slawson,1,2023,2026,jalen_slawson,jalen_slawson,1610612754,Indiana,Pacers,IND,pacers,pacers,Y,11,2025-26
1642914,"Small, Javon",Javon Small,1,2025,2026,javon_small,javon_small,1610612763,Memphis,Grizzlies,MEM,grizzlies,grizzlies,Y,11,2025-26
203935,"Smart, Marcus",Marcus Smart,1,2014,2026,marcus_smart,marcus_smart,1610612747,Los Angeles,Lakers,LAL,lakers,lakers,Y,01,2025-26
1630696,"Smith, Dru",Dru Smith,1,2022,2026,dru_smith,dru_smith,1610612748,Miami,Heat,MIA,heat,heat,Y,01,2025-26
1630188,"Smith, Jalen",Jalen Smith,1,2020,2026,jalen_smith,jalen_smith,1610612741,Chicago,Bulls,CHI,bulls,bulls,Y,01,2025-26
1641869,"Smith, Malachi",Malachi Smith,1,2025,2026,malachi_smith,malachi_smith,1610612751,Brooklyn,Nets,BKN,nets,nets,Y,11,2025-26
1642449,"Smith, Tolu",Tolu Smith,1,2024,2026,tolu_smith,tolu_smith,1610612765,Detroit,Pistons,DET,pistons,pistons,Y,11,2025-26
1641890,"Smith, Tyler",Tyler Smith,1,2024,2025,tmp_tyler_smith,tyler_smith,1610612742,Dallas,Mavericks,DAL,mavericks,mavericks,Y,11,2025-26
1631095,"Smith Jr., Jabari",Jabari Smith Jr.,1,2022,2026,jabari_smith,jabari_smith_jr,1610612745,Houston,Rockets,HOU,rockets,rockets,Y,00,2025-26
1641733,"Smith Jr., Nick",Nick Smith Jr.,1,2023,2025,nick_smith_jr,nick_smith_jr,1610612747,Los Angeles,Lakers,LAL,lakers,lakers,Y,11,2025-26
1631110,"Sochan, Jeremy",Jeremy Sochan,1,2022,2026,jeremy_sochan,jeremy_sochan,1610612752,New York,Knicks,NYK,knicks,knicks,Y,00,2025-26
1642285,"Spencer, Cam",Cam Spencer,1,2024,2026,cam_spencer,cam_spencer,1610612763,Memphis,Grizzlies,MEM,grizzlies,grizzlies,Y,01,2025-26
1630311,"Spencer, Pat",Pat Spencer,1,2023,2026,pat_spencer,pat_spencer,1610612744,Golden State,Warriors,GSW,warriors,warriors,Y,01,2025-26
1641815,"Stevens, Isaiah",Isaiah Stevens,1,2024,2025,isaiah_stevens,isaiah_stevens,1610612758,Sacramento,Kings,SAC,kings,kings,Y,11,2025-26
1630191,"Stewart, Isaiah",Isaiah Stewart,1,2020,2026,isaiah_stewart,isaiah_stewart,1610612765,Detroit,Pistons,DET,pistons,pistons,Y,00,2025-26
1631124,"Strawther, Julian",Julian Strawther,1,2023,2026,julian_strawther,julian_strawther,1610612743,Denver,Nuggets,DEN,nuggets,nuggets,Y,01,2025-26
1629622,"Strus, Max",Max Strus,1,2019,2026,max_strus,max_strus,1610612739,Cleveland,Cavaliers,CLE,cavaliers,cavaliers,Y,01,2025-26
1630591,"Suggs, Jalen",Jalen Suggs,1,2021,2026,jalen_suggs,jalen_suggs,1610612753,Orlando,Magic,ORL,magic,magic,Y,00,2025-26
1630256,"Tate, Jae'Sean",Jae'Sean Tate,1,2020,2026,jaesean_tate,jaesean_tate,1610612745,Houston,Rockets,HOU,rockets,rockets,Y,00,2025-26
1628369,"Tatum, Jayson",Jayson Tatum,1,2017,2026,jayson_tatum,jayson_tatum,1610612738,Boston,Celtics,BOS,celtics,celtics,Y,00,2025-26
1643141,"Telfort, Jahmyl",Jahmyl Telfort,0,2025,2025,jahmyl_telfort,jahmyl_telfort,0,,,,,,Y,11,2025-26
202066,"Temple, Garrett",Garrett Temple,1,2009,2025,garrett_temple,garrett_temple,1610612761,Toronto,Raptors,TOR,raptors,raptors,Y,01,2025-26
1631207,"Terry, Dalen",Dalen Terry,1,2022,2026,dalen_terry,dalen_terry,1610612755,Philadelphia,76ers,PHI,sixers,sixers,Y,11,2025-26
1642876,"Thiero, Adou",Adou Thiero,1,2025,2026,adou_thiero,adou_thiero,1610612747,Los Angeles,Lakers,LAL,lakers,lakers,Y,11,2025-26
1630560,"Thomas, Cam",Cam Thomas,0,2021,2025,cam_thomas,cam_thomas,0,,,,,,Y,00,2025-26
1641708,"Thompson, Amen",Amen Thompson,1,2023,2026,amen_thompson,amen_thompson,1610612745,Houston,Rockets,HOU,rockets,rockets,Y,00,2025-26
1641709,"Thompson, Ausar",Ausar Thompson,1,2023,2026,ausar_thompson,ausar_thompson,1610612765,Detroit,Pistons,DET,pistons,pistons,Y,00,2025-26
1630679,"Thompson, Ethan",Ethan Thompson,1,2024,2025,ethan_thompson,ethan_thompson,1610612754,Indiana,Pacers,IND,pacers,pacers,Y,11,2025-26
202691,"Thompson, Klay",Klay Thompson,1,2011,2026,klay_thompson,klay_thompson,1610612742,Dallas,Mavericks,DAL,mavericks,mavericks,Y,00,2025-26
1629680,"Thybulle, Matisse",Matisse Thybulle,1,2019,2026,matisse_thybulle,matisse_thybulle,1610612757,Portland,Trail Blazers,POR,blazers,blazers,Y,00,2025-26
1630214,"Tillman, Xavier",Xavier Tillman,1,2020,2026,xavier_tillman,xavier_tillman,1610612766,Charlotte,Hornets,CHA,hornets,hornets,Y,01,2025-26
1631166,"Timme, Drew",Drew Timme,1,2024,2025,drew_timme,drew_timme,1610612747,Los Angeles,Lakers,LAL,lakers,lakers,Y,11,2025-26
1641772,"Tomlin, Nae'Qwan",Nae'Qwan Tomlin,1,2024,2026,naeqwan_tomlin,naeqwan_tomlin,1610612739,Cleveland,Cavaliers,CLE,cavaliers,cavaliers,Y,01,2025-26
1642910,"Tonje, John",John Tonje,1,2025,2026,john_tonje,john_tonje,1610612738,Boston,Celtics,BOS,celtics,celtics,Y,11,2025-26
1642260,"Topić, Nikola",Nikola Topić,1,2024,2026,nikola_topic,nikola_topić,1610612760,Oklahoma City,Thunder,OKC,thunder,thunder,Y,11,2025-26
1631210,"Toppin, Jacob",Jacob Toppin,0,2023,2025,jacob_toppin,jacob_toppin,0,,,,,,Y,01,2025-26
1630167,"Toppin, Obi",Obi Toppin,1,2020,2026,obi_toppin,obi_toppin,1610612754,Indiana,Pacers,IND,pacers,pacers,Y,00,2025-26
1626157,"Towns, Karl-Anthony",Karl-Anthony Towns,1,2015,2026,karl-anthony_towns,karl-anthony_towns,1610612752,New York,Knicks,NYK,knicks,knicks,Y,00,2025-26
1642849,"Traore, Nolan",Nolan Traore,1,2025,2026,nolan_traoré,nolan_traore,1610612751,Brooklyn,Nets,BKN,nets,nets,Y,11,2025-26
1631247,"Travers, Luke",Luke Travers,0,2024,2025,luke_travers,luke_travers,0,,,,,,Y,11,2025-26
1629018,"Trent Jr., Gary",Gary Trent Jr.,1,2018,2026,gary_trent_jr,gary_trent_jr,1610612749,Milwaukee,Bucks,MIL,bucks,bucks,Y,01,2025-26
1631131,"Tshiebwe, Oscar",Oscar Tshiebwe,1,2023,2026,oscar_tshiebwe,oscar_tshiebwe,1610612762,Utah,Jazz,UTA,jazz,jazz,Y,11,2025-26
1626167,"Turner, Myles",Myles Turner,1,2015,2026,myles_turner,myles_turner,1610612749,Milwaukee,Bucks,MIL,bucks,bucks,Y,00,2025-26
1641816,"Tyson, Hunter",Hunter Tyson,0,2023,2025,hunter_tyson,hunter_tyson,0,,,,,,Y,01,2025-26
1642281,"Tyson, Jaylon",Jaylon Tyson,1,2024,2026,jaylon_tyson,jaylon_tyson,1610612739,Cleveland,Cavaliers,CLE,cavaliers,cavaliers,Y,01,2025-26
1630649,"Umude, Stanley",Stanley Umude,0,2022,2025,stanley_umude,stanley_umude,0,,,,,,Y,11,2025-26
202685,"Valanciunas, Jonas",Jonas Valanciunas,1,2012,2025,jonas_valanciunas,jonas_valanciunas,1610612743,Denver,Nuggets,DEN,nuggets,nuggets,Y,00,2025-26
1629020,"Vanderbilt, Jarred",Jarred Vanderbilt,1,2018,2026,jarred_vanderbilt,jarred_vanderbilt,1610612747,Los Angeles,Lakers,LAL,lakers,lakers,Y,01,2025-26
1630170,"Vassell, Devin",Devin Vassell,1,2020,2026,devin_vassell,devin_vassell,1610612759,San Antonio,Spurs,SAS,spurs,spurs,Y,00,2025-26
1629216,"Vincent, Gabe",Gabe Vincent,1,2019,2026,gabe_vincent,gabe_vincent,1610612737,Atlanta,Hawks,ATL,hawks,hawks,Y,01,2025-26
1641774,"Vukcevic, Tristan",Tristan Vukcevic,1,2023,2026,tristan_vukcevic,tristan_vukcevic,1610612764,Washington,Wizards,WAS,wizards,wizards,Y,01,2025-26
202696,"Vučević, Nikola",Nikola Vučević,1,2011,2026,nikola_vucevic,nikola_vučević,1610612738,Boston,Celtics,BOS,celtics,celtics,Y,00,2025-26
1629731,"Wade, Dean",Dean Wade,1,2019,2026,dean_wade,dean_wade,1610612739,Cleveland,Cavaliers,CLE,cavaliers,cavaliers,Y,01,2025-26
1630532,"Wagner, Franz",Franz Wagner,1,2021,2026,franz_wagner,franz_wagner,1610612753,Orlando,Magic,ORL,magic,magic,Y,00,2025-26
1629021,"Wagner, Moritz",Moritz Wagner,1,2018,2026,moritz_wagner,moritz_wagner,1610612753,Orlando,Magic,ORL,magic,magic,Y,01,2025-26
1631133,"Walker, Jabari",Jabari Walker,1,2022,2026,jabari_walker,jabari_walker,1610612755,Philadelphia,76ers,PHI,sixers,sixers,Y,01,2025-26
1641716,"Walker, Jarace",Jarace Walker,1,2023,2026,jarace_walker,jarace_walker,1610612754,Indiana,Pacers,IND,pacers,pacers,Y,01,2025-26
1641717,"Wallace, Cason",Cason Wallace,1,2023,2026,cason_wallace,cason_wallace,1610612760,Oklahoma City,Thunder,OKC,thunder,thunder,Y,00,2025-26
1630811,"Wallace, Keaton",Keaton Wallace,1,2024,2026,keaton_wallace,keaton_wallace,1610612737,Atlanta,Hawks,ATL,hawks,hawks,Y,01,2025-26
1641775,"Walsh, Jordan",Jordan Walsh,1,2023,2026,jordan_walsh,jordan_walsh,1610612738,Boston,Celtics,BOS,celtics,celtics,Y,01,2025-26
1642266,"Walter, Ja'Kobe",Ja'Kobe Walter,1,2024,2026,jakobe_walter,jakobe_walter,1610612761,Toronto,Raptors,TOR,raptors,raptors,Y,01,2025-26
1642276,"Ware, Kel'el",Kel'el Ware,1,2024,2026,kelel_ware,kelel_ware,1610612748,Miami,Heat,MIA,heat,heat,Y,00,2025-26
1629023,"Washington, P.J.",P.J. Washington,1,2019,2026,pj_washington,pj_washington,1610612742,Dallas,Mavericks,DAL,mavericks,mavericks,Y,00,2025-26
1631102,"Washington Jr., TyTy",TyTy Washington Jr.,1,2022,2026,tyty_washington,tyty_washington_jr,1610612746,LA,Clippers,LAC,clippers,clippers,Y,11,2025-26
1630322,"Waters III, Lindy",Lindy Waters III,1,2021,2025,lindy_waters_iii,lindy_waters_iii,1610612759,San Antonio,Spurs,SAS,spurs,spurs,Y,01,2025-26
1630570,"Watford, Trendon",Trendon Watford,1,2021,2026,trendon_watford,trendon_watford,1610612755,Philadelphia,76ers,PHI,sixers,sixers,Y,00,2025-26
1642364,"Watkins, Jamir",Jamir Watkins,1,2025,2026,jamir_watkins,jamir_watkins,1610612764,Washington,Wizards,WAS,wizards,wizards,Y,11,2025-26
1631212,"Watson, Peyton",Peyton Watson,1,2022,2026,peyton_watson,peyton_watson,1610612743,Denver,Nuggets,DEN,nuggets,nuggets,Y,01,2025-26
1642377,"Wells, Jaylen",Jaylen Wells,1,2024,2026,jaylen_wells,jaylen_wells,1610612763,Memphis,Grizzlies,MEM,grizzlies,grizzlies,Y,00,2025-26
1641705,"Wembanyama, Victor",Victor Wembanyama,1,2023,2026,victor_wembanyama,victor_wembanyama,1610612759,San Antonio,Spurs,SAS,spurs,spurs,Y,00,2025-26
1631104,"Wesley, Blake",Blake Wesley,1,2022,2026,blake_wesley,blake_wesley,1610612757,Portland,Trail Blazers,POR,blazers,blazers,Y,01,2025-26
201566,"Westbrook, Russell",Russell Westbrook,1,2008,2025,russell_westbrook,russell_westbrook,1610612758,Sacramento,Kings,SAC,kings,kings,Y,00,2025-26
1629632,"White, Coby",Coby White,1,2019,2026,coby_white,coby_white,1610612766,Charlotte,Hornets,CHA,hornets,hornets,Y,00,2025-26
1628401,"White, Derrick",Derrick White,1,2017,2026,derrick_white,derrick_white,1610612738,Boston,Celtics,BOS,celtics,celtics,Y,01,2025-26
1641727,"Whitehead, Dariq",Dariq Whitehead,0,2023,2025,dariq_whitehead,dariq_whitehead,0,,,,,,Y,11,2025-26
1641715,"Whitmore, Cam",Cam Whitmore,1,2023,2025,cam_whitmore,cam_whitmore,1610612764,Washington,Wizards,WAS,wizards,wizards,Y,00,2025-26
1630598,"Wiggins, Aaron",Aaron Wiggins,1,2021,2026,aaron_wiggins,aaron_wiggins,1610612760,Oklahoma City,Thunder,OKC,thunder,thunder,Y,01,2025-26
203952,"Wiggins, Andrew",Andrew Wiggins,1,2014,2026,andrew_wiggins,andrew_wiggins,1610612748,Miami,Heat,MIA,heat,heat,Y,00,2025-26
1631214,"Williams, Alondes",Alondes Williams,0,2022,2025,alondes_williams,alondes_williams,0,,,,,,Y,11,2025-26
1642873,"Williams, Amari",Amari Williams,1,2025,2026,amari_williams,amari_williams,1610612738,Boston,Celtics,BOS,celtics,celtics,Y,11,2025-26
1630314,"Williams, Brandon",Brandon Williams,1,2021,2026,brandon_williams,brandon_williams,1610612742,Dallas,Mavericks,DAL,mavericks,mavericks,Y,01,2025-26
1642262,"Williams, Cody",Cody Williams,1,2024,2026,tmp_cody_williams,cody_williams,1610612762,Utah,Jazz,UTA,jazz,jazz,Y,01,2025-26
1629684,"Williams, Grant",Grant Williams,1,2019,2026,grant_williams,grant_williams,1610612766,Charlotte,Hornets,CHA,hornets,hornets,Y,00,2025-26
1631114,"Williams, Jalen",Jalen Williams,1,2022,2026,jalen_williams,jalen_williams,1610612760,Oklahoma City,Thunder,OKC,thunder,thunder,Y,00,2025-26
1631119,"Williams, Jaylin",Jaylin Williams,1,2022,2026,jaylin_williams,jaylin_williams,1610612760,Oklahoma City,Thunder,OKC,thunder,thunder,Y,01,2025-26
1629026,"Williams, Kenrich",Kenrich Williams,1,2018,2026,kenrich_williams,kenrich_williams,1610612760,Oklahoma City,Thunder,OKC,thunder,thunder,Y,01,2025-26
1631109,"Williams, Mark",Mark Williams,1,2022,2026,mark_williams,mark_williams,1610612756,Phoenix,Suns,PHX,suns,suns,Y,00,2025-26
1631466,"Williams, Nate",Nate Williams,1,2022,2026,jeenathan_williams,nate_williams,1610612744,Golden State,Warriors,GSW,warriors,warriors,Y,11,2025-26
1630172,"Williams, Patrick",Patrick Williams,1,2020,2026,patrick_williams,patrick_williams,1610612741,Chicago,Bulls,CHI,bulls,bulls,Y,00,2025-26
1630533,"Williams, Ziaire",Ziaire Williams,1,2021,2026,ziaire_williams,ziaire_williams,1610612751,Brooklyn,Nets,BKN,nets,nets,Y,01,2025-26
1629057,"Williams III, Robert",Robert Williams III,1,2018,2026,robert_williams,robert_williams_iii,1610612757,Portland,Trail Blazers,POR,blazers,blazers,Y,01,2025-26
1631246,"Williams Jr., Vince",Vince Williams Jr.,0,2022,2025,vince_williams_jr,vince_williams_jr,0,,,,,,Y,01,2025-26
1631351,"Williamson, Lucas",Lucas Williamson,0,2025,2025,lucas_williamson,lucas_williamson,0,,,,,,Y,11,2025-26
1629627,"Williamson, Zion",Zion Williamson,1,2019,2026,zion_williamson,zion_williamson,1610612740,New Orleans,Pelicans,NOP,pelicans,pelicans,Y,00,2025-26
1630592,"Wilson, Jalen",Jalen Wilson,1,2023,2026,jalen_wilson,jalen_wilson,1610612751,Brooklyn,Nets,BKN,nets,nets,Y,01,2025-26
1630164,"Wiseman, James",James Wiseman,0,2020,2026,james_wiseman,james_wiseman,0,,,,,,Y,01,2025-26
1642874,"Wolf, Danny",Danny Wolf,1,2025,2026,danny_wolf,danny_wolf,1610612751,Brooklyn,Nets,BKN,nets,nets,Y,00,2025-26
1627824,"Yabusele, Guerschon",Guerschon Yabusele,1,2017,2025,guerschon_yabusele,guerschon_yabusele,1610612741,Chicago,Bulls,CHI,bulls,bulls,Y,01,2025-26
1642905,"Hansen, Yang",Yang Hansen,1,2025,2026,hansen_yang,hansen_yang,1610612757,Portland,Trail Blazers,POR,blazers,blazers,Y,11,2025-26
1642443,"Young, Jahmir",Jahmir Young,1,2024,2026,jahmir_young,jahmir_young,1610612748,Miami,Heat,MIA,heat,heat,Y,11,2025-26
1629027,"Young, Trae",Trae Young,1,2018,2026,trae_young,trae_young,1610612764,Washington,Wizards,WAS,wizards,wizards,Y,00,2025-26
1642959,"Youngblood, Chris",Chris Youngblood,1,2025,2026,chris_youngblood,chris_youngblood,1610612757,Portland,Trail Blazers,POR,blazers,blazers,Y,11,2025-26
1630209,"Yurtseven, Omer",Omer Yurtseven,0,2020,2025,omer_yurtseven,omer_yurtseven,0,,,,,,Y,11,2025-26
1642911,"Zikarsky, Rocco",Rocco Zikarsky,1,2025,2026,rocco_zikarsky,rocco_zikarsky,1610612750,Minnesota,Timberwolves,MIN,timberwolves,timberwolves,Y,11,2025-26
1627826,"Zubac, Ivica",Ivica Zubac,1,2016,2026,ivica_zubac,ivica_zubac,1610612754,Indiana,Pacers,IND,pacers,pacers,Y,01,2025-26
1641783,"da Silva, Tristan",Tristan da Silva,1,2024,2026,tristan_da_silva,tristan_da_silva,1610612753,Orlando,Magic,ORL,magic,magic,Y,00,2025-26
